url,title,title_length,meta_description,meta_description_length,canonical,h1_count,h1,robots,language,hreflang_count,schema_types,breadcrumb_present,og_title,og_description,og_image,twitter_card,status,notes
https://vediums.com/,Vedium - Cursos Online ao Vivo em Cinco Idiomas,47,"Aprenda inglês (níveis A1 a C1) e iorubá com a Vedium: aulas ao vivo com professores qualificados, certificado de conclusão e suporte ao aluno. Comece hoje a sua jornada de fluência.",182,https://vediums.com/,1,"Aulas de idiomas online, ao vivo, com professores nativos e especialistas","index, follow, max-image-preview:large, max-snippet:-1, max-video-preview:-1",pt-BR,6,ContactPoint;EducationalOrganization;PostalAddress,nao,Vedium - Cursos Online ao Vivo em Cinco Idiomas,"Aulas ao vivo de inglês, espanhol, hebraico, iorubá e português para estrangeiros, com professores e certificado.",https://vediums.com/assets/vedium_core/vedium_assets/images/logos/Logo-color-quadrada.png,,CONFIRMADO EM PRODUCAO (2026-08-24),
https://vediums.com/en,Vedium - Live Online Courses in Five Languages,46,"Learn English (levels A1 to C1) and Yoruba with Vedium: live classes with qualified teachers, a completion certificate, and real student support. Start your fluency journey today.",179,https://vediums.com/en,0,,"index, follow, max-image-preview:large, max-snippet:-1, max-video-preview:-1",en,6,ContactPoint;EducationalOrganization;PostalAddress,nao,Vedium - Live Online Courses in Five Languages,"Live English and Yoruba classes, with qualified teachers and a certificate. Start your fluency journey today.",https://vediums.com/assets/vedium_core/vedium_assets/images/logos/Logo-color-quadrada.png,,CONFIRMADO EM PRODUCAO (2026-08-24),
https://vediums.com/es,Vedium - Cursos Online en Vivo en Cinco Idiomas,47,"Aprende inglés (niveles A1 a C1) y yoruba con Vedium: clases en vivo con profesores calificados, certificado de finalización y acompañamiento real. Empieza tu camino hacia la fluidez hoy mismo.",193,https://vediums.com/es,0,,"index, follow, max-image-preview:large, max-snippet:-1, max-video-preview:-1",es,6,ContactPoint;EducationalOrganization;PostalAddress,nao,Vedium - Cursos Online en Vivo en Cinco Idiomas,"Clases en vivo de inglés y yoruba, con profesores calificados y certificado. Empieza tu camino hacia la fluidez hoy mismo.",https://vediums.com/assets/vedium_core/vedium_assets/images/logos/Logo-color-quadrada.png,,CONFIRMADO EM PRODUCAO (2026-08-24),
https://vediums.com/fr,Vedium - Cours en Ligne et en Direct en Cinq Langues,52,Apprenez l,10,https://vediums.com/fr,0,,"index, follow, max-image-preview:large, max-snippet:-1, max-video-preview:-1",fr,6,ContactPoint;EducationalOrganization;PostalAddress,nao,Vedium - Cours en Ligne et en Direct en Cinq Langues,Cours en direct d,https://vediums.com/assets/vedium_core/vedium_assets/images/logos/Logo-color-quadrada.png,,CONFIRMADO EM PRODUCAO (2026-08-24),
https://vediums.com/de,Vedium - Live-Onlinekurse in fünf Sprachen,42,"Lernen Sie Englisch (Niveau A1 bis C1) und Yoruba mit Vedium: Live-Unterricht mit qualifizierten Lehrkräften, Abschlusszertifikat und echter Lernbegleitung. Starten Sie noch heute Ihren Weg zur Sprachsicherheit.",211,https://vediums.com/de,0,,"index, follow, max-image-preview:large, max-snippet:-1, max-video-preview:-1",de,6,ContactPoint;EducationalOrganization;PostalAddress,nao,Vedium - Live-Onlinekurse in fünf Sprachen,"Live-Unterricht in Englisch und Yoruba, mit qualifizierten Lehrkräften und Zertifikat. Starten Sie noch heute Ihren Weg zur Sprachsicherheit.",https://vediums.com/assets/vedium_core/vedium_assets/images/logos/Logo-color-quadrada.png,,CONFIRMADO EM PRODUCAO (2026-08-24),
https://vediums.com/ru,Vedium - Живые онлайн-курсы пяти языков,39,"Изучайте английский (уровни A1–C1) и йоруба с Vedium: живые занятия с квалифицированными преподавателями, сертификат об окончании и настоящее сопровождение. Начните свой путь к беглости речи уже сегодня.",203,https://vediums.com/ru,0,,"index, follow, max-image-preview:large, max-snippet:-1, max-video-preview:-1",ru,7,ContactPoint;EducationalOrganization;PostalAddress,nao,Vedium - Живые онлайн-курсы пяти языков,"Живые занятия по английскому и йоруба, с квалифицированными преподавателями и сертификатом. Начните свой путь к беглости речи уже сегодня.",https://vediums.com/assets/vedium_core/vedium_assets/images/logos/Logo-color-quadrada.png,,CONFIRMADO EM PRODUCAO (2026-08-24),
https://vediums.com/cursos-de-idiomas-online,Cursos de Idiomas Online ao Vivo | Todos os Níveis | Vedium,59,"Cursos online ao vivo de inglês, espanhol, hebraico, iorubá e português para estrangeiros. Do iniciante ao avançado, com professores qualificados.",146,https://vediums.com/cursos-de-idiomas-online,1,Cursos de idiomas online ao vivo,"index, follow, max-image-preview:large",pt-BR,6,Course;EducationalOrganization;ItemList;ListItem,nao,Cursos de Idiomas Online ao Vivo | Todos os Níveis | Vedium,"Cursos online ao vivo de inglês, espanhol, hebraico, iorubá e português para estrangeiros. Do iniciante ao avançado, com professores qualificados.",https://vediums.com/assets/vedium_core/vedium_assets/images/logos/Logo-color-quadrada.png,summary_large_image,CONFIRMADO EM PRODUCAO (2026-08-24),
https://vediums.com/en/catalogo,Course Catalog — Live Online Language Courses | Vedium,54,Vedium,6,https://vediums.com/en/catalogo,0,,"index, follow, max-image-preview:large",en,6,ItemList;ListItem,nao,Course Catalog — Live Online Language Courses | Vedium,Vedium,https://vediums.com/assets/vedium_core/vedium_assets/images/logos/Logo-color-quadrada.png,summary_large_image,CONFIRMADO EM PRODUCAO (2026-08-24),
https://vediums.com/es/catalogo,Catálogo de Cursos — Cursos de Idiomas Online en Vivo | Vedium,62,"Catálogo de cursos en vivo de Vedium: inglés (A1 a C1), yoruba y portugués para extranjeros (PLE). Profesores calificados y certificado.",136,https://vediums.com/es/catalogo,0,,"index, follow, max-image-preview:large",es,6,ItemList;ListItem,nao,Catálogo de Cursos — Cursos de Idiomas Online en Vivo | Vedium,"Catálogo de cursos en vivo de Vedium: inglés (A1 a C1), yoruba y portugués para extranjeros (PLE). Profesores calificados y certificado.",https://vediums.com/assets/vedium_core/vedium_assets/images/logos/Logo-color-quadrada.png,summary_large_image,CONFIRMADO EM PRODUCAO (2026-08-24),
https://vediums.com/fr/catalogo,Catalogue de Cours — Cours de Langues en Ligne en Direct | Vedium,65,"Catalogue de cours en direct Vedium : anglais (A1 à C1), yoruba et portugais pour étrangers (PLE). Professeurs qualifiés et certificat.",135,https://vediums.com/fr/catalogo,0,,"index, follow, max-image-preview:large",fr,6,ItemList;ListItem,nao,Catalogue de Cours — Cours de Langues en Ligne en Direct | Vedium,"Catalogue de cours en direct Vedium : anglais (A1 à C1), yoruba et portugais pour étrangers (PLE). Professeurs qualifiés et certificat.",https://vediums.com/assets/vedium_core/vedium_assets/images/logos/Logo-color-quadrada.png,summary_large_image,CONFIRMADO EM PRODUCAO (2026-08-24),
https://vediums.com/de/catalogo,Kursverzeichnis — Live Online Sprachkurse | Vedium,50,"Vedium Live-Kursverzeichnis: Englisch (A1 bis C1), Yoruba und Portugiesisch für Ausländer (PLE). Qualifizierte Lehrkräfte und Zertifikat.",137,https://vediums.com/de/catalogo,0,,"index, follow, max-image-preview:large",de,6,ItemList;ListItem,nao,Kursverzeichnis — Live Online Sprachkurse | Vedium,"Vedium Live-Kursverzeichnis: Englisch (A1 bis C1), Yoruba und Portugiesisch für Ausländer (PLE). Qualifizierte Lehrkräfte und Zertifikat.",https://vediums.com/assets/vedium_core/vedium_assets/images/logos/Logo-color-quadrada.png,summary_large_image,CONFIRMADO EM PRODUCAO (2026-08-24),
https://vediums.com/ru/catalogo,Каталог курсов — Живые онлайн-курсы языков | Vedium,51,"Каталог живых курсов Vedium: английский (A1–C1), йоруба и португальский для иностранцев (PLE). Квалифицированные преподаватели и сертификат.",140,https://vediums.com/ru/catalogo,0,,"index, follow, max-image-preview:large",ru,7,ItemList;ListItem,nao,Каталог курсов — Живые онлайн-курсы языков | Vedium,"Каталог живых курсов Vedium: английский (A1–C1), йоруба и португальский для иностранцев (PLE). Квалифицированные преподаватели и сертификат.",https://vediums.com/assets/vedium_core/vedium_assets/images/logos/Logo-color-quadrada.png,summary_large_image,CONFIRMADO EM PRODUCAO (2026-08-24),
https://vediums.com/curso-de-ingles-online,Curso de Inglês Online ao Vivo do A1 ao C1 | Vedium,51,"Aulas de inglês online ao vivo, turmas pequenas e progressão do A1 ao C1. Faça o teste de nível grátis.",103,https://vediums.com/curso-de-ingles-online,1,Curso de inglês online ao vivo do A1 ao C1,"index, follow, max-image-preview:large",pt-BR,7,Answer;BreadcrumbList;Course;FAQPage;ListItem;Organization;Question,sim,Curso de Inglês Online ao Vivo do A1 ao C1 | Vedium,"Aulas de inglês online ao vivo, turmas pequenas e progressão do A1 ao C1. Faça o teste de nível grátis.",https://vediums.com/assets/vedium_core/vedium_assets/images/logos/Logo-color-quadrada.png,summary_large_image,CONFIRMADO EM PRODUCAO (2026-08-24),
https://vediums.com/en/learn-english-online,Learn English Online — Live Classes (A1 to C1) | Vedium,55,Vedium,6,https://vediums.com/en/learn-english-online,1,Learn English online in live classes with a real teacher,"index, follow, max-image-preview:large",en,7,Answer;BreadcrumbList;Course;FAQPage;ListItem;Organization;Question,sim,Learn English Online — Live Classes (A1 to C1) | Vedium,Vedium,https://vediums.com/assets/vedium_core/vedium_assets/images/logos/Logo-color-quadrada.png,summary_large_image,CONFIRMADO EM PRODUCAO (2026-08-24),
https://vediums.com/es/curso-de-ingles-online-en-vivo,Curso de Inglés Online en Vivo (A1 a C1) — Vedium,49,"Curso de inglés online en vivo de Vedium: clases en tiempo real con profesor, de A1 a C1, enfocado en conversación, con certificado y un plan según tu objetivo. Desde US$ 120/mes.",179,https://vediums.com/es/curso-de-ingles-online-en-vivo,1,Aprende inglés online en clases en vivo con un profesor real,"index, follow, max-image-preview:large",es,7,Answer;BreadcrumbList;Course;FAQPage;ListItem;Organization;Question,sim,Curso de Inglés Online en Vivo (A1 a C1) — Vedium,"Curso de inglés online en vivo de Vedium: clases en tiempo real con profesor, de A1 a C1, enfocado en conversación, con certificado y un plan según tu objetivo. Desde US$ 120/mes.",https://vediums.com/assets/vedium_core/vedium_assets/images/logos/Logo-color-quadrada.png,summary_large_image,CONFIRMADO EM PRODUCAO (2026-08-24),
https://vediums.com/fr/cours-anglais-en-ligne-en-direct,Cours d'Anglais en Ligne en Direct (A1 à C1) — Vedium,53,Cours d,7,https://vediums.com/fr/cours-anglais-en-ligne-en-direct,1,Apprenez l'anglais en ligne en cours en direct avec un vrai professeur,"index, follow, max-image-preview:large",fr,7,Answer;BreadcrumbList;Course;FAQPage;ListItem;Organization;Question,sim,Cours d,Cours d,https://vediums.com/assets/vedium_core/vedium_assets/images/logos/Logo-color-quadrada.png,summary_large_image,CONFIRMADO EM PRODUCAO (2026-08-24),
https://vediums.com/de/englischkurs-online-live,Englischkurs Online Live (A1 bis C1) — Vedium,45,"Live-Englischkurs online bei Vedium: Unterricht in Echtzeit mit Lehrkraft, von A1 bis C1, mit Fokus auf Konversation, Zertifikat und einem Plan nach Ihrem Ziel. Ab 110 €/Monat.",176,https://vediums.com/de/englischkurs-online-live,1,Englisch online lernen im Live-Unterricht mit echter Lehrkraft,"index, follow, max-image-preview:large",de,7,Answer;BreadcrumbList;Course;FAQPage;ListItem;Organization;Question,sim,Englischkurs Online Live (A1 bis C1) — Vedium,"Live-Englischkurs online bei Vedium: Unterricht in Echtzeit mit Lehrkraft, von A1 bis C1, mit Fokus auf Konversation, Zertifikat und einem Plan nach Ihrem Ziel. Ab 110 €/Monat.",https://vediums.com/assets/vedium_core/vedium_assets/images/logos/Logo-color-quadrada.png,summary_large_image,CONFIRMADO EM PRODUCAO (2026-08-24),
https://vediums.com/curso-de-ioruba-online,Curso de Iorubá Online | Vedium,31,"Curso de iorubá online com aulas ao vivo, pronúncia, vocabulário, cultura e trilha estruturada para iniciantes.",111,https://vediums.com/curso-de-ioruba-online,1,"Aprenda iorubá online com estrutura, pronúncia e contexto cultural","index, follow, max-image-preview:large",pt-BR,5,Answer;BreadcrumbList;Course;FAQPage;ListItem;Organization;Question,sim,Curso de Iorubá Online | Vedium,"Curso de iorubá online com aulas ao vivo, pronúncia, vocabulário, cultura e trilha estruturada para iniciantes.",https://vediums.com/assets/vedium_core/vedium_assets/images/logos/Logo-color-quadrada.png,summary_large_image,CONFIRMADO EM PRODUCAO (2026-08-24),
https://vediums.com/en/learn-yoruba-online,Learn Yoruba Online — Live Classes with Real Teachers | Vedium,62,"Learn Yoruba online with live classes: pronunciation, tones, greetings, vocabulary and cultural context. A structured path for beginners and heritage learners.",159,https://vediums.com/en/learn-yoruba-online,1,"Learn Yoruba online with structure, pronunciation and real cultural context","index, follow, max-image-preview:large",en,4,Answer;BreadcrumbList;Course;FAQPage;ListItem;Organization;Question,sim,Learn Yoruba Online — Live Classes with Real Teachers | Vedium,"Learn Yoruba online with live classes: pronunciation, tones, greetings, vocabulary and cultural context. A structured path for beginners and heritage learners.",https://vediums.com/assets/vedium_core/vedium_assets/images/logos/Logo-color-quadrada.png,summary_large_image,CONFIRMADO EM PRODUCAO (2026-08-24),
https://vediums.com/es/curso-de-yoruba-online,Curso de Yoruba Online — Clases en Vivo con Profesores Reales | Vedium,70,"Aprende yoruba online con clases en vivo: pronunciación, tonos, saludos, vocabulario y contexto cultural. Un camino estructurado para principiantes y para quienes buscan reconectar con sus raíces.",196,https://vediums.com/es/curso-de-yoruba-online,1,"Aprende yoruba online con estructura, pronunciación y contexto cultural real","index, follow, max-image-preview:large",es,5,Answer;BreadcrumbList;Course;FAQPage;ListItem;Organization;Question,sim,Curso de Yoruba Online — Clases en Vivo con Profesores Reales | Vedium,"Aprende yoruba online con clases en vivo: pronunciación, tonos, saludos, vocabulario y contexto cultural. Un camino estructurado para principiantes y para quienes buscan reconectar con sus raíces.",https://vediums.com/assets/vedium_core/vedium_assets/images/logos/Logo-color-quadrada.png,summary_large_image,CONFIRMADO EM PRODUCAO (2026-08-24),
https://vediums.com/portugues-para-estrangeiros,Português para Estrangeiros | Vedium,36,"Português para estrangeiros com aulas ao vivo para morar, trabalhar, estudar e se comunicar melhor no Brasil.",109,https://vediums.com/portugues-para-estrangeiros,1,Português para estrangeiros com foco em vida real no Brasil,"index, follow, max-image-preview:large",pt-BR,7,Answer;BreadcrumbList;Course;FAQPage;ListItem;Organization;Question,sim,Português para Estrangeiros | Vedium,"Português para estrangeiros com aulas ao vivo para morar, trabalhar, estudar e se comunicar melhor no Brasil.",https://vediums.com/assets/vedium_core/vedium_assets/images/logos/Logo-color-quadrada.png,summary_large_image,CONFIRMADO EM PRODUCAO (2026-08-24),
https://vediums.com/en/learn-portuguese-brazil,Learn Brazilian Portuguese Online — Classes for Foreigners | Vedium,67,"Learn Brazilian Portuguese online with live classes for foreigners: real conversation, pronunciation, everyday vocabulary and culture to live, work and study in Brazil.",168,https://vediums.com/en/learn-portuguese-brazil,1,"Brazilian Portuguese for foreigners, focused on real life in Brazil","index, follow, max-image-preview:large",en,7,Answer;BreadcrumbList;Course;FAQPage;ListItem;Organization;Question,sim,Learn Brazilian Portuguese Online — Classes for Foreigners | Vedium,"Learn Brazilian Portuguese online with live classes for foreigners: real conversation, pronunciation, everyday vocabulary and culture to live, work and study in Brazil.",https://vediums.com/assets/vedium_core/vedium_assets/images/logos/Logo-color-quadrada.png,summary_large_image,CONFIRMADO EM PRODUCAO (2026-08-24),
https://vediums.com/es/portugues-para-extranjeros,Portugués para Extranjeros Online — Clases en Vivo | Vedium,59,"Aprende portugués de Brasil online con clases en vivo para extranjeros: conversación real, pronunciación, vocabulario cotidiano y cultura para vivir, trabajar y estudiar en Brasil.",180,https://vediums.com/es/portugues-para-extranjeros,1,"Portugués de Brasil para extranjeros, enfocado en la vida real en Brasil","index, follow, max-image-preview:large",es,7,Answer;BreadcrumbList;Course;FAQPage;ListItem;Organization;Question,sim,Portugués para Extranjeros Online — Clases en Vivo | Vedium,"Aprende portugués de Brasil online con clases en vivo para extranjeros: conversación real, pronunciación, vocabulario cotidiano y cultura para vivir, trabajar y estudiar en Brasil.",https://vediums.com/assets/vedium_core/vedium_assets/images/logos/Logo-color-quadrada.png,summary_large_image,CONFIRMADO EM PRODUCAO (2026-08-24),
https://vediums.com/fr/portugais-pour-etrangers,Portugais du Brésil pour Étrangers — Cours en Ligne en Direct | Vedium,70,"Apprenez le portugais du Brésil en ligne avec des cours en direct pour étrangers : conversation réelle, prononciation, vocabulaire quotidien et culture pour vivre, travailler et étudier au Brésil.",196,https://vediums.com/fr/portugais-pour-etrangers,1,"Le portugais du Brésil pour étrangers, centré sur la vie réelle au Brésil","index, follow, max-image-preview:large",fr,7,Answer;BreadcrumbList;Course;FAQPage;ListItem;Organization;Question,sim,Portugais du Brésil pour Étrangers — Cours en Ligne en Direct | Vedium,"Apprenez le portugais du Brésil en ligne avec des cours en direct pour étrangers : conversation réelle, prononciation, vocabulaire quotidien et culture pour vivre, travailler et étudier au Brésil.",https://vediums.com/assets/vedium_core/vedium_assets/images/logos/Logo-color-quadrada.png,summary_large_image,CONFIRMADO EM PRODUCAO (2026-08-24),
https://vediums.com/de/portugiesisch-fuer-auslaender,Brasilianisches Portugiesisch für Ausländer — Live-Online-Kurs | Vedium,71,"Lernen Sie brasilianisches Portugiesisch online mit Live-Unterricht für Ausländer: echte Konversation, Aussprache, Alltagswortschatz und Kultur, um in Brasilien zu leben, zu arbeiten und zu studieren.",200,https://vediums.com/de/portugiesisch-fuer-auslaender,1,"Brasilianisches Portugiesisch für Ausländer, ausgerichtet auf das echte Leben in Brasilien","index, follow, max-image-preview:large",de,7,Answer;BreadcrumbList;Course;FAQPage;ListItem;Organization;Question,sim,Brasilianisches Portugiesisch für Ausländer — Live-Online-Kurs | Vedium,"Lernen Sie brasilianisches Portugiesisch online mit Live-Unterricht für Ausländer: echte Konversation, Aussprache, Alltagswortschatz und Kultur, um in Brasilien zu leben, zu arbeiten und zu studieren.",https://vediums.com/assets/vedium_core/vedium_assets/images/logos/Logo-color-quadrada.png,summary_large_image,CONFIRMADO EM PRODUCAO (2026-08-24),
https://vediums.com/ru/portugalskiy-dlya-inostrantsev,Бразильский португальский для иностранцев — живой онлайн-курс | Vedium,70,"Изучайте бразильский португальский онлайн с живыми занятиями для иностранцев: настоящий разговор, произношение, повседневная лексика и культура для жизни, работы и учёбы в Бразилии.",181,https://vediums.com/ru/portugalskiy-dlya-inostrantsev,1,"Бразильский португальский для иностранцев, ориентированный на реальную жизнь в Бразилии","index, follow, max-image-preview:large",ru,7,Answer;BreadcrumbList;Course;FAQPage;ListItem;Organization;Question,sim,Бразильский португальский для иностранцев — живой онлайн-курс | Vedium,"Изучайте бразильский португальский онлайн с живыми занятиями для иностранцев: настоящий разговор, произношение, повседневная лексика и культура для жизни, работы и учёбы в Бразилии.",https://vediums.com/assets/vedium_core/vedium_assets/images/logos/Logo-color-quadrada.png,summary_large_image,CONFIRMADO EM PRODUCAO (2026-08-24),
https://vediums.com/curso-de-espanhol-online,Curso de Espanhol Online ao Vivo (Básico ao Avançado) | Vedium,62,"Curso de espanhol online ao vivo da Vedium: aulas com professor em tempo real, do Básico ao Avançado, foco em conversação e correção de portunhol. A partir de R$ 297/mês.",170,https://vediums.com/curso-de-espanhol-online,1,"Curso de espanhol online ao vivo, com professor de verdade","index, follow, max-image-preview:large",pt-BR,2,Answer;BreadcrumbList;Course;FAQPage;ListItem;Organization;Question,sim,Curso de Espanhol Online ao Vivo (Básico ao Avançado) | Vedium,"Curso de espanhol online ao vivo da Vedium: aulas com professor em tempo real, do Básico ao Avançado, foco em conversação e correção de portunhol. A partir de R$ 297/mês.",https://vediums.com/assets/vedium_core/vedium_assets/images/logos/Logo-color-quadrada.png,summary_large_image,CONFIRMADO EM PRODUCAO (2026-08-24),
https://vediums.com/curso-de-hebraico-online,Curso de Hebraico Online ao Vivo (com Alfabetização) | Vedium,61,"Curso de hebraico moderno online ao vivo da Vedium: alfabetização incluída, turma pequena, professor especialista. A partir de R$ 397/mês.",138,https://vediums.com/curso-de-hebraico-online,1,"Aprenda hebraico moderno online, com alfabetização e professor ao vivo","index, follow, max-image-preview:large",pt-BR,2,Answer;BreadcrumbList;Course;FAQPage;ListItem;Organization;Question,sim,Curso de Hebraico Online ao Vivo (com Alfabetização) | Vedium,"Curso de hebraico moderno online ao vivo da Vedium: alfabetização incluída, turma pequena, professor especialista. A partir de R$ 397/mês.",https://vediums.com/assets/vedium_core/vedium_assets/images/logos/Logo-color-quadrada.png,summary_large_image,CONFIRMADO EM PRODUCAO (2026-08-24),
https://vediums.com/curso/ingles-basico-a1,Inglês A1 Iniciante Online ao Vivo | Vedium,43,"Para quem está começando do zero. Aprenda cumprimentos, vocabulário essencial, frases simples e primeiras conversas em inglês com professor ao vivo.",148,https://vediums.com/curso/ingles-basico-a1,1,Inglês Online ao Vivo A1 – Iniciante,"index, follow, max-image-preview:large, max-snippet:-1",pt-BR,0,BreadcrumbList;Course;ListItem;Offer;Organization;Person,sim,Inglês A1 Iniciante Online ao Vivo | Vedium,"Para quem está começando do zero. Aprenda cumprimentos, vocabulário essencial, frases simples e primeiras conversas em inglês com professor ao vivo.","https://images.unsplash.com/photo-1524178232363-1fb2b075b655?w=800&h=450&fit=crop&crop=faces,entropy&q=80",summary_large_image,CONFIRMADO EM PRODUCAO (2026-08-24),
https://vediums.com/curso/portugues-para-estrangeiros-basico,Português para Estrangeiros Nível Básico (PLE) — Curso de Idiomas Online ao Vivo | Vedium,89,"Para quem está começando do zero. Aprenda saudações, vocabulário essencial e comunicação básica do português brasileiro com imersão cultural.",141,https://vediums.com/curso/portugues-para-estrangeiros-basico,1,Português para Estrangeiros Nível Básico (PLE),"index, follow, max-image-preview:large, max-snippet:-1",pt-BR,7,BreadcrumbList;Course;ListItem;Offer;Organization;Person,sim,Português para Estrangeiros Nível Básico (PLE) — Curso de Idiomas Online ao Vivo | Vedium,"Para quem está começando do zero. Aprenda saudações, vocabulário essencial e comunicação básica do português brasileiro com imersão cultural.",https://vediums.com/files/Português para Estrangeiros — Nível Básico (PLE)-optimized01fefd.webp,summary_large_image,CONFIRMADO EM PRODUCAO (2026-08-24),
https://vediums.com/en/curso/portugues-para-estrangeiros-basico,Portuguese for Foreigners: Basic Level (PLE) — Live Online Language Course | Vedium,83,"For complete beginners. Learn greetings, essential vocabulary and basic Brazilian Portuguese communication with cultural immersion from the first class.",152,https://vediums.com/en/curso/portugues-para-estrangeiros-basico,1,Portuguese for Foreigners: Basic Level (PLE),"index, follow, max-image-preview:large, max-snippet:-1",en,7,BreadcrumbList;Course;ListItem;Offer;Organization;Person,sim,Portuguese for Foreigners: Basic Level (PLE) — Live Online Language Course | Vedium,"For complete beginners. Learn greetings, essential vocabulary and basic Brazilian Portuguese communication with cultural immersion from the first class.",https://vediums.com/files/Português para Estrangeiros — Nível Básico (PLE)-optimized01fefd.webp,summary_large_image,CONFIRMADO EM PRODUCAO (2026-08-24),
https://vediums.com/curso/espanhol-basico,Espanhol Nível Básico (A1-A2) — Curso de Idiomas Online ao Vivo | Vedium,72,"Para quem quer começar espanhol do jeito certo. Aprenda saudações, frases essenciais, pronúncia, vocabulário e conversas básicas sem cair no portunhol.",151,https://vediums.com/curso/espanhol-basico,1,Espanhol Nível Básico (A1-A2),"index, follow, max-image-preview:large, max-snippet:-1",pt-BR,0,BreadcrumbList;Course;ListItem;Offer;Organization;Person,sim,Espanhol Nível Básico (A1-A2) — Curso de Idiomas Online ao Vivo | Vedium,"Para quem quer começar espanhol do jeito certo. Aprenda saudações, frases essenciais, pronúncia, vocabulário e conversas básicas sem cair no portunhol.",https://images.unsplash.com/photo-1489945052260-4f21c52268b9?auto=format&fit=crop&w=900&q=80,summary_large_image,CONFIRMADO EM PRODUCAO (2026-08-24),
https://vediums.com/curso/hebraico-moderno-a1,Hebraico Moderno Nível A1 — Curso de Idiomas Online ao Vivo | Vedium,68,"Para começar no hebraico moderno. Desenvolva leitura inicial, pronúncia, vocabulário essencial e frases simples do cotidiano com professor ao vivo.",147,https://vediums.com/curso/hebraico-moderno-a1,1,Hebraico Moderno Nível A1,"index, follow, max-image-preview:large, max-snippet:-1",pt-BR,0,BreadcrumbList;Course;ListItem;Offer;Organization;Person,sim,Hebraico Moderno Nível A1 — Curso de Idiomas Online ao Vivo | Vedium,"Para começar no hebraico moderno. Desenvolva leitura inicial, pronúncia, vocabulário essencial e frases simples do cotidiano com professor ao vivo.",https://images.unsplash.com/photo-1547483036-24bc77c79804?auto=format&fit=crop&w=900&q=80,summary_large_image,CONFIRMADO EM PRODUCAO (2026-08-24),
https://vediums.com/curso/ioruba-basico,Iorubá Básico — Curso de Idiomas Online ao Vivo | Vedium,56,"Para quem quer começar iorubá com base sólida. Aprenda sons, tons, saudações, vocabulário essencial e frases iniciais com responsabilidade cultural.",148,https://vediums.com/curso/ioruba-basico,1,Iorubá Básico,"index, follow, max-image-preview:large, max-snippet:-1",pt-BR,7,BreadcrumbList;Course;ListItem;Offer;Organization;Person,sim,Iorubá Básico — Curso de Idiomas Online ao Vivo | Vedium,"Para quem quer começar iorubá com base sólida. Aprenda sons, tons, saudações, vocabulário essencial e frases iniciais com responsabilidade cultural.","https://images.unsplash.com/photo-1529390079861-591de354faf5?w=800&h=450&fit=crop&crop=faces,entropy&q=80",summary_large_image,CONFIRMADO EM PRODUCAO (2026-08-24),
https://vediums.com/ingles-para-viagens,Inglês para Viagens — Vedium,28,"Inglês para viagens com aulas ao vivo: aeroporto, hotel, restaurante, transporte, emergências e conversação prática.",116,https://vediums.com/ingles-para-viagens,1,Inglês prático para viajar com autonomia,"index, follow, max-image-preview:large",pt-BR,7,Answer;BreadcrumbList;Course;FAQPage;ListItem;Organization;Question,sim,Inglês para Viagens — Vedium,"Inglês para viagens com aulas ao vivo: aeroporto, hotel, restaurante, transporte, emergências e conversação prática.",https://vediums.com/assets/vedium_core/vedium_assets/images/logos/Logo-color-quadrada.png,summary_large_image,CONFIRMADO EM PRODUCAO (2026-08-24),
https://vediums.com/en/english-for-travel,English for Travel — Vedium,27,"English for travel with live classes: airport, hotel, restaurant, transportation, emergencies and practical conversation.",121,https://vediums.com/en/english-for-travel,1,Practical English to travel with real independence,"index, follow, max-image-preview:large",en,7,Answer;BreadcrumbList;Course;FAQPage;ListItem;Organization;Question,sim,English for Travel — Vedium,"English for travel with live classes: airport, hotel, restaurant, transportation, emergencies and practical conversation.",https://vediums.com/assets/vedium_core/vedium_assets/images/logos/Logo-color-quadrada.png,summary_large_image,CONFIRMADO EM PRODUCAO (2026-08-24),
https://vediums.com/portugues-para-executivos,Português para Executivos — Vedium,34,"Português para executivos estrangeiros com aulas ao vivo para reuniões, negócios, apresentações e adaptação cultural no Brasil.",127,https://vediums.com/portugues-para-executivos,1,Português para executivos que trabalham com o Brasil,"index, follow, max-image-preview:large",pt-BR,7,Answer;BreadcrumbList;Course;FAQPage;ListItem;Organization;Question,sim,Português para Executivos — Vedium,"Português para executivos estrangeiros com aulas ao vivo para reuniões, negócios, apresentações e adaptação cultural no Brasil.",https://vediums.com/assets/vedium_core/vedium_assets/images/logos/Logo-color-quadrada.png,summary_large_image,CONFIRMADO EM PRODUCAO (2026-08-24),
https://vediums.com/preparatorio-celpe-bras,Preparatório Celpe-Bras — Vedium,32,"Preparação para Celpe-Bras com português para estrangeiros, escrita, fala, compreensão e simulados orientados.",110,https://vediums.com/preparatorio-celpe-bras,1,Preparação orientada para o Celpe-Bras,"index, follow, max-image-preview:large",pt-BR,7,Answer;BreadcrumbList;Course;FAQPage;ListItem;Organization;Question,sim,Preparatório Celpe-Bras — Vedium,"Preparação para Celpe-Bras com português para estrangeiros, escrita, fala, compreensão e simulados orientados.",https://vediums.com/assets/vedium_core/vedium_assets/images/logos/Logo-color-quadrada.png,summary_large_image,CONFIRMADO EM PRODUCAO (2026-08-24),
https://vediums.com/es/preparacion-examen-celpe-bras,Preparación para el Examen Celpe-Bras — Vedium,46,"Preparación para el examen Celpe-Bras con portugués para extranjeros: escritura, expresión oral, comprensión auditiva y simulacros guiados.",139,https://vediums.com/es/preparacion-examen-celpe-bras,1,Preparación guiada para el examen Celpe-Bras,"index, follow, max-image-preview:large",es,7,Answer;BreadcrumbList;Course;FAQPage;ListItem;Organization;Question,sim,Preparación para el Examen Celpe-Bras — Vedium,"Preparación para el examen Celpe-Bras con portugués para extranjeros: escritura, expresión oral, comprensión auditiva y simulacros guiados.",https://vediums.com/assets/vedium_core/vedium_assets/images/logos/Logo-color-quadrada.png,summary_large_image,CONFIRMADO EM PRODUCAO (2026-08-24),
https://vediums.com/ioruba-cultura-e-ancestralidade,"Iorubá, Cultura e Ancestralidade — Vedium",41,"Aprenda iorubá online com contexto cultural, ancestralidade, saudações, pronúncia e prática guiada ao vivo.",107,https://vediums.com/ioruba-cultura-e-ancestralidade,1,"Iorubá para aprender língua, memória e cultura","index, follow, max-image-preview:large",pt-BR,5,Answer;BreadcrumbList;Course;FAQPage;ListItem;Organization;Question,sim,"Iorubá, Cultura e Ancestralidade — Vedium","Aprenda iorubá online com contexto cultural, ancestralidade, saudações, pronúncia e prática guiada ao vivo.",https://vediums.com/assets/vedium_core/vedium_assets/images/logos/Logo-color-quadrada.png,summary_large_image,CONFIRMADO EM PRODUCAO (2026-08-24),
https://vediums.com/blog,"Dicas de idiomas, cultura e aprendizado | Blog Vedium",53,"Conteúdos sobre inglês, espanhol, hebraico, iorubá e português para estrangeiros, com dicas práticas, cultura, aprendizagem online e orientação para quem estuda idiomas com aulas ao vivo.",187,https://vediums.com/blog,1,"Blog da Vedium: idiomas, cultura e aprendizado","index, follow, max-image-preview:large",pt-BR,0,Blog;BreadcrumbList;ListItem;Organization,sim,"Blog da Vedium: idiomas, cultura e aprendizado","Conteúdos sobre inglês, espanhol, hebraico, iorubá e português para estrangeiros, com dicas práticas, cultura, aprendizagem online e orientação para quem estuda idiomas com aulas ao vivo.",https://vediums.com/assets/vedium_core/vedium_assets/images/logos/Logo-color-quadrada.png,,CONFIRMADO EM PRODUCAO (2026-08-24),
https://vediums.com/en/blog,Brazilian Portuguese guides for expats | Vedium Blog,52,"Free guides on Brazilian Portuguese for expats, relocation and everyday life in Brazil, written by Vedium",105,https://vediums.com/en/blog,1,Vedium Blog: Brazilian Portuguese for expats and relocation,"index, follow, max-image-preview:large",en,0,Blog;BreadcrumbList;ListItem;Organization,sim,Vedium Blog: Brazilian Portuguese for expats and relocation,"Free guides on Brazilian Portuguese for expats, relocation and everyday life in Brazil, written by Vedium",https://vediums.com/assets/vedium_core/vedium_assets/images/logos/Logo-color-quadrada.png,,CONFIRMADO EM PRODUCAO (2026-08-24),
https://vediums.com/es/blog,Guías de portugués brasileño para expatriados | Vedium,54,"Guías gratuitas de portugués brasileño para expatriados y vida diaria en Brasil, escritas por el equipo de profesores de Vedium.",128,https://vediums.com/es/blog,1,Blog de Vedium: Portugués brasileño para expatriados,"index, follow, max-image-preview:large",es,0,Blog;BreadcrumbList;ListItem;Organization,sim,Blog de Vedium: Portugués brasileño para expatriados,"Guías gratuitas de portugués brasileño para expatriados y vida diaria en Brasil, escritas por el equipo de profesores de Vedium.",https://vediums.com/assets/vedium_core/vedium_assets/images/logos/Logo-color-quadrada.png,,CONFIRMADO EM PRODUCAO (2026-08-24),
https://vediums.com/blog/ingles,"Inglês para carreira, viagens e conversas reais | Vedium",56,"Conteúdos para quem deseja aprender inglês com clareza, entender como o idioma funciona e evoluir nível a nível.",112,https://vediums.com/blog/ingles,1,"Inglês para carreira, viagens e conversas reais","index, follow, max-image-preview:large",pt-BR,0,Answer;Blog;BreadcrumbList;CollectionPage;FAQPage;ListItem;Organization;Question,sim,"Inglês para carreira, viagens e conversas reais | Vedium","Conteúdos para quem deseja aprender inglês com clareza, entender como o idioma funciona e evoluir nível a nível.",https://vediums.com/assets/vedium_core/vedium_assets/images/logos/Logo-color-quadrada.png,,CONFIRMADO EM PRODUCAO (2026-08-24),
https://vediums.com/blog/ioruba,"Iorubá: idioma, cultura e ancestralidade com respeito | Vedium",62,"Guias sobre o idioma iorubá (alfabeto, tons, saudações, números e cultura) pensados para quem está começando do zero.",117,https://vediums.com/blog/ioruba,1,"Iorubá: idioma, cultura e ancestralidade com respeito","index, follow, max-image-preview:large",pt-BR,0,Answer;Blog;BreadcrumbList;CollectionPage;FAQPage;ListItem;Organization;Question,sim,"Iorubá: idioma, cultura e ancestralidade com respeito | Vedium","Guias sobre o idioma iorubá (alfabeto, tons, saudações, números e cultura) pensados para quem está começando do zero.",https://vediums.com/assets/vedium_core/vedium_assets/images/logos/Logo-color-quadrada.png,,CONFIRMADO EM PRODUCAO (2026-08-24),
https://vediums.com/sobre,Sobre a Vedium - Escola de Idiomas Online ao Vivo,49,"Conheça a Vedium: escola online com aulas ao vivo de inglês, espanhol, hebraico, iorubá e português para estrangeiros, professores e certificado.",145,https://vediums.com/sobre,0,,"index, follow, max-image-preview:large",pt-BR,6,AboutPage;EducationalOrganization,nao,Sobre a Vedium — Escola de Idiomas Online ao Vivo,"Aulas ao vivo de inglês, espanhol, hebraico, iorubá e português para estrangeiros.",https://vediums.com/assets/vedium_core/vedium_assets/images/logos/Logo-color-quadrada.png,,CONFIRMADO EM PRODUCAO (2026-08-24),
https://vediums.com/imprensa,Vedium para Imprensa e Parcerias | Informações Institucionais,61,"Informações institucionais verificáveis sobre a Vedium, seu catálogo de idiomas online ao vivo e contatos para imprensa e parcerias.",132,https://vediums.com/imprensa,1,Vedium para imprensa e parcerias,"index, follow, max-image-preview:large",pt-BR,2,AboutPage;EducationalOrganization,nao,Vedium para Imprensa e Parcerias | Informações Institucionais,"Informações institucionais verificáveis sobre a Vedium, seu catálogo de idiomas online ao vivo e contatos para imprensa e parcerias.",https://vediums.com/assets/vedium_core/vedium_assets/images/logos/Logo-color-quadrada.png,,CONFIRMADO EM PRODUCAO (2026-08-24),
https://vediums.com/como-funciona,Como funciona - Vedium,22,"Entenda em 3 passos como estudar idiomas online ao vivo na Vedium: teste de nivel, aula diagnostica e plano de estudo.",118,https://vediums.com/como-funciona,1,Da duvida ao plano de estudo,"index, follow, max-image-preview:large",pt-BR,6,HowTo;HowToStep;Organization,nao,Como funciona — Vedium,"Teste de nivel, aula diagnostica e aulas ao vivo com acompanhamento.",https://vediums.com/assets/vedium_core/vedium_assets/images/logos/Logo-color-quadrada.png,,CONFIRMADO EM PRODUCAO (2026-08-24),
https://vediums.com/en/sobre,About Vedium — Live Online Language School,42,"Get to know Vedium: an online language school with live classes, qualified teachers and a certificate. English (A1 to C1) and Yoruba, from beginner to advanced.",160,https://vediums.com/en/sobre,0,,"index, follow, max-image-preview:large",en,6,,nao,About Vedium — Live Online Language School,An online language school with live classes: English (A1 to C1) and Yoruba.,https://vediums.com/assets/vedium_core/vedium_assets/images/logos/Logo-color-quadrada.png,,CONFIRMADO EM PRODUCAO (2026-08-24),
https://vediums.com/diferenciais,Diferenciais - Vedium,21,"Conheça os diferenciais da Vedium: aulas 100% ao vivo, professores qualificados, sem contrato de fidelidade, certificado de conclusão e suporte de verdade.",155,https://vediums.com/diferenciais,1,O que muda de verdade na hora de aprender um idioma,"index, follow, max-image-preview:large",pt-BR,6,BreadcrumbList;ListItem;WebPage,sim,Diferenciais — Vedium,"Aulas ao vivo, professor qualificado, sem fidelidade e certificado de conclusão.",https://vediums.com/assets/vedium_core/vedium_assets/images/logos/Logo-color-quadrada.png,,CONFIRMADO EM PRODUCAO (2026-08-24),
https://vediums.com/metodologia,Metodologia - Vedium,20,"Conheça a metodologia da Vedium: aulas ao vivo em turma compatível com seu nível, foco em conversação real desde a primeira aula e evolução por níveis, do básico ao avançado.",174,https://vediums.com/metodologia,1,"Aula ao vivo, conversação real e evolução por nível","index, follow, max-image-preview:large",pt-BR,6,BreadcrumbList;HowTo;HowToStep;ListItem,sim,Metodologia — Vedium,"Aulas ao vivo, conversação desde o início, turma compatível com seu nível e evolução por etapas.",https://vediums.com/assets/vedium_core/vedium_assets/images/logos/Logo-color-quadrada.png,,CONFIRMADO EM PRODUCAO (2026-08-24),
https://vediums.com/empresas,Vedium para Empresas — treinamento de idiomas em equipe,55,"Aulas ao vivo de inglês, iorubá e português para estrangeiros para equipes: diagnóstico por colaborador, turmas por nível e objetivo, e relatório de progresso para o gestor.",173,https://vediums.com/empresas,1,"Sua equipe fluente em idiomas, com aulas 100% ao vivo","index, follow, max-image-preview:large",pt-BR,6,BreadcrumbList;ListItem;Organization;Service,sim,Vedium para Empresas — treinamento de idiomas em equipe,"Aulas ao vivo de inglês, iorubá e português para estrangeiros para equipes: diagnóstico por colaborador, turmas por nível e objetivo, e relatório de progresso para o gestor.",https://images.unsplash.com/photo-1522071820081-009f0129c71c?w=1200&h=630&fit=crop&q=80,,CONFIRMADO EM PRODUCAO (2026-08-24),
https://vediums.com/en/empresas,Vedium for Companies — team language training,45,"Live English, Yoruba and Portuguese-for-foreigners classes for teams: per-employee diagnostics, classes grouped by level and goal, and progress reports for managers.",165,https://vediums.com/en/empresas,1,"Your team fluent in languages, with 100% live classes","index, follow, max-image-preview:large",en,6,Organization;Service,nao,Vedium for Companies — team language training,"Live English, Yoruba and Portuguese-for-foreigners classes for teams: per-employee diagnostics, classes grouped by level and goal, and progress reports for managers.",https://images.unsplash.com/photo-1522071820081-009f0129c71c?w=1200&h=630&fit=crop&q=80,,CONFIRMADO EM PRODUCAO (2026-08-24),
https://vediums.com/matricula,Matrícula - Vedium,18,"Escolha idioma, nível e plano antes de seguir para a plataforma Vedium, onde login e checkout são concluídos com segurança.",123,https://vediums.com/matricula,1,Escolha a trilha antes de entrar na plataforma,"index, follow, max-image-preview:large",pt-BR,6,BreadcrumbList;ListItem;WebPage,sim,Matrícula — Vedium,Do diagnóstico ao curso: escolha sua trilha e siga para a plataforma.,https://vediums.com/assets/vedium_core/vedium_assets/images/logos/Logo-color-quadrada.png,,CONFIRMADO EM PRODUCAO (2026-08-24),
https://vediums.com/planos,Planos - Vedium,15,"Compare planos de aulas ao vivo da Vedium por frequência, objetivo e ritmo de estudo antes de seguir para a matrícula.",118,https://vediums.com/planos,1,Escolha a frequência certa para seu objetivo,"index, follow, max-image-preview:large",pt-BR,6,BreadcrumbList;ListItem;WebPage,sim,Planos — Vedium,Entenda qual frequência combina melhor com seu objetivo de idioma.,https://vediums.com/assets/vedium_core/vedium_assets/images/logos/Logo-color-quadrada.png,,CONFIRMADO EM PRODUCAO (2026-08-24),
https://vediums.com/teste-de-nivel,Teste de Nível de Português para Estrangeiros - Vedium,54,"Faça um teste gratuito de português para estrangeiros com gramática, leitura, escuta, escrita e fala para estimar seu nível CEFR A1 a C1.",137,https://vediums.com/teste-de-nivel,1,Descubra seu nível de português antes de começar as aulas,"index, follow, max-image-preview:large",pt-BR,6,Organization;WebPage,nao,Teste de Nível de Português para Estrangeiros — Vedium,Descubra seu nível inicial de português e receba orientação para escolher a trilha certa na Vedium.,https://vediums.com/assets/vedium_core/vedium_assets/images/logos/Logo-color-quadrada.png,,CONFIRMADO EM PRODUCAO (2026-08-24),
https://vediums.com/teste-de-nivel-ingles,Teste de Nível de Inglês - Vedium,33,"Faça um teste gratuito de inglês com gramática, leitura, escuta, escrita e fala para estimar seu nível CEFR A1 a C1.",116,https://vediums.com/teste-de-nivel-ingles,1,Descubra seu nível de inglês antes de escolher a trilha,"index, follow, max-image-preview:large",pt-BR,0,Organization;WebPage,nao,Teste de Nível de Inglês — Vedium,Descubra seu nível de inglês e receba orientação para escolher a trilha certa na Vedium.,https://vediums.com/assets/vedium_core/vedium_assets/images/logos/Logo-color-quadrada.png,,CONFIRMADO EM PRODUCAO (2026-08-24),
https://vediums.com/en/portuguese-placement-test,Brazilian Portuguese Placement Test — Vedium,44,"Take a free Brazilian Portuguese placement test with grammar, reading, listening, writing and speaking to estimate your CEFR level from A1 to C1.",145,https://vediums.com/en/portuguese-placement-test,1,Find out your Brazilian Portuguese level before you start classes,"index, follow, max-image-preview:large",en,6,Organization;WebPage,nao,Brazilian Portuguese Placement Test — Vedium,Find out your Portuguese level and get guidance on the right track to join at Vedium.,https://vediums.com/assets/vedium_core/vedium_assets/images/logos/Logo-color-quadrada.png,,CONFIRMADO EM PRODUCAO (2026-08-24),
https://vediums.com/aula-diagnostica,Aula diagnóstica - Vedium,25,"Agende uma aula diagnóstica para confirmar nível, objetivo, frequência e melhor plano antes da matrícula na Vedium.",115,https://vediums.com/aula-diagnostica,1,Confirme seu nível com orientação humana,"index, follow, max-image-preview:large",pt-BR,6,BreadcrumbList;ListItem;Organization;Service,sim,Aula diagnóstica — Vedium,Confirme seu nível e receba orientação antes de escolher o plano.,https://vediums.com/assets/vedium_core/vedium_assets/images/logos/Logo-color-quadrada.png,,CONFIRMADO EM PRODUCAO (2026-08-24),
https://vediums.com/termos,Termos de Uso e Contratação - Vedium,36,"Termos de Uso e Contratação da Vedium: cadastro, planos, pagamento, aulas ao vivo, cancelamento e propriedade intelectual.",122,https://vediums.com/termos,1,Termos de Uso e Contratação,"index, follow",pt-BR,0,,nao,,,,,CONFIRMADO EM PRODUCAO (2026-08-24),
https://vediums.com/privacidade,Política de Privacidade - Vedium,32,"Como a Vedium coleta, usa e protege dados pessoais em conformidade com a LGPD. Direitos dos titulares, DPO e canais de contato.",127,https://vediums.com/privacidade,1,Política de Privacidade,"index, follow",pt-BR,0,,nao,,,,,CONFIRMADO EM PRODUCAO (2026-08-24),
https://vediums.com/cookies,Política de Cookies - Vedium,28,"Como a Vedium usa cookies necessários, de analytics e de marketing, e como gerenciar suas preferências a qualquer momento.",122,https://vediums.com/cookies,1,Política de Cookies,"index, follow",pt-BR,0,,nao,,,,,CONFIRMADO EM PRODUCAO (2026-08-24),
https://vediums.com/cancelamento-reembolso,Cancelamento e Reembolso - Vedium,33,"Regras de cancelamento de assinatura, direito de arrependimento de 7 dias corridos e reembolso na Vedium. Sem fidelidade, sem multa.",132,https://vediums.com/cancelamento-reembolso,1,Política de Cancelamento e Reembolso,"index, follow",pt-BR,0,,nao,,,,,CONFIRMADO EM PRODUCAO (2026-08-24),
https://vediums.com/carreiras,Trabalhe Conosco - Vedium,25,"Trabalhe na Vedium: vagas para professores de inglês, iorubá, português para estrangeiros, hebraico, espanhol e mais, além de atendimento, marketing e vendas. Envie sua candidatura.",181,https://vediums.com/carreiras,1,Faça parte do time Vedium,"index, follow, max-image-preview:large",pt-BR,7,BreadcrumbList;ListItem,sim,Trabalhe Conosco - Vedium,"Trabalhe na Vedium: vagas para professores de inglês, iorubá, português para estrangeiros, hebraico, espanhol e mais, além de atendimento, marketing e vendas. Envie sua candidatura.",https://vediums.com/assets/vedium_core/vedium_assets/images/logos/Logo-color-quadrada.png,,CONFIRMADO EM PRODUCAO (2026-08-24),
https://vediums.com/contato,Contato - Vedium,16,"Fale com a Vedium: WhatsApp, e-mail e suporte ao aluno. Atendimento 100% online, em todo o Brasil. Tire suas dúvidas sobre os cursos de Inglês e Iorubá.",152,https://vediums.com/contato,0,,"index, follow, max-image-preview:large",pt-BR,6,,nao,Contato — Vedium,"Fale com a Vedium: WhatsApp, e-mail e suporte ao aluno. Atendimento 100% online.",https://vediums.com/assets/vedium_core/vedium_assets/images/logos/Logo-color-quadrada.png,,CONFIRMADO EM PRODUCAO (2026-08-24),
https://vediums.com/certificado,Verificar certificado - Vedium,30,Verifique a autenticidade de certificados Vedium por código. Cada certificado tem QR code e link de verificação único.,118,https://vediums.com/certificado,1,🏆 Verificar Certificado,"index, follow",pt-BR,6,,nao,,,,,CONFIRMADO EM PRODUCAO (2026-08-24),
