article_id,database_id,source,slug,title,h1,url,language,category,tag,content_hash,content_words,canonical,indexable,sitemap,status
code:alfabeto-ioruba,,versioned_code,alfabeto-ioruba,"Alfabeto iorubá: as 25 letras, vogais e tons (guia para iniciantes)","Alfabeto iorubá: as 25 letras, as vogais e os tons",https://vediums.com/blog/alfabeto-ioruba,pt-BR,,Iorubá,04074a1692dca501be834ddc7c41afd8bbc8ac68dabfee084a6970f3f04047cf,963,https://vediums.com/blog/alfabeto-ioruba,yes,yes,catalog_record
code:saudacoes-em-ioruba,,versioned_code,saudacoes-em-ioruba,"Saudações em iorubá: como cumprimentar (bom dia, obrigado e mais)","Saudações em iorubá: bom dia, obrigado e os cumprimentos do dia a dia",https://vediums.com/blog/saudacoes-em-ioruba,pt-BR,,Iorubá,e561ce8ba615584ec400f02b37fa1acbd2084bc656dc5abcdb611eaeebbd4f50,821,https://vediums.com/blog/saudacoes-em-ioruba,yes,yes,catalog_record
code:numeros-em-ioruba,,versioned_code,numeros-em-ioruba,Números em iorubá de 1 a 20: como contar (e a lógica de base 20),Números em iorubá de 1 a 20,https://vediums.com/blog/numeros-em-ioruba,pt-BR,,Iorubá,ad7edf5bd8dfb06b75c1c141a94f978228ff4d2b75ee06c66397752aad0c96ca,831,https://vediums.com/blog/numeros-em-ioruba,yes,yes,catalog_record
code:aprender-ioruba-lingua-e-cultura,,versioned_code,aprender-ioruba-lingua-e-cultura,Iorubá: conheça o idioma e por que aprendê-lo,Iorubá: conheça o idioma e por que aprendê-lo,https://vediums.com/blog/aprender-ioruba-lingua-e-cultura,pt-BR,,Iorubá,0432fd9b1966dd08b2085861ad872de8fc48ccf09e546e8bfbf0224fb167844e,190,https://vediums.com/blog/aprender-ioruba-lingua-e-cultura,yes,yes,catalog_record
code:yoruba-alphabet-guide,,versioned_code,yoruba-alphabet-guide,"Yoruba alphabet: the 25 letters, vowels and tones (a beginner's guide)","Yoruba alphabet: the 25 letters, the vowels and the tones",https://vediums.com/blog/yoruba-alphabet-guide,en,,Yoruba,c29d3246f7906a2f65b980e891c32bd246731cf228027b6bfb43fab79699bdb0,943,https://vediums.com/blog/yoruba-alphabet-guide,yes,yes,catalog_record
code:yoruba-greetings,,versioned_code,yoruba-greetings,"Yoruba greetings: how to say good morning, thank you and more","Yoruba greetings: good morning, thank you and everyday courtesies",https://vediums.com/blog/yoruba-greetings,en,,Yoruba,ea6ffcffc237fc5cd9e6989c5c7c1159b3fcbfa086f797a88e9c6df44487f615,823,https://vediums.com/blog/yoruba-greetings,yes,yes,catalog_record
code:yoruba-numbers-1-to-20,,versioned_code,yoruba-numbers-1-to-20,Yoruba numbers 1 to 20: how to count (and the base-20 logic),Yoruba numbers 1 to 20,https://vediums.com/blog/yoruba-numbers-1-to-20,en,,Yoruba,0caef57d20d79d2e985b99466efa8d71e91a506220f3b82912c31ff81657923a,772,https://vediums.com/blog/yoruba-numbers-1-to-20,yes,yes,catalog_record
code:yoruba-language-and-culture,,versioned_code,yoruba-language-and-culture,Yoruba: get to know the language and why you should learn it,Yoruba: get to know the language and why you should learn it,https://vediums.com/blog/yoruba-language-and-culture,en,,Yoruba,bfe5e6c81feba06c188edc719696bfd425cf9dbdc83ccf9eada715025f42666d,199,https://vediums.com/blog/yoruba-language-and-culture,yes,yes,catalog_record
code:como-saber-seu-nivel-real-de-ingles-antes-de-escolher-um-curso,,versioned_code,como-saber-seu-nivel-real-de-ingles-antes-de-escolher-um-curso,Como saber seu nível real de inglês antes de escolher um curso,Como saber seu nível real de inglês antes de escolher um curso,https://vediums.com/blog/ingles/como-saber-seu-nivel-real-de-ingles-antes-de-escolher-um-curso,pt-BR,ingles,Inglês,6ad161951c37396b463e1388a7d62b7829bcae610dc763f6a6d1eda876b94f68,1879,https://vediums.com/blog/ingles/como-saber-seu-nivel-real-de-ingles-antes-de-escolher-um-curso,yes,yes,catalog_record
code:ingles-ao-vivo-ou-gravado-o-que-muda-na-evolucao-do-speaking,,versioned_code,ingles-ao-vivo-ou-gravado-o-que-muda-na-evolucao-do-speaking,Inglês ao vivo ou gravado: o que muda na evolução do speaking,Inglês ao vivo ou gravado: o que muda na evolução do speaking,https://vediums.com/blog/ingles/ingles-ao-vivo-ou-gravado-o-que-muda-na-evolucao-do-speaking,pt-BR,ingles,Inglês,b641a317c634d42339351d66245728522767222b6ae34a1e1cdd2ce1548999f3,2107,https://vediums.com/blog/ingles/ingles-ao-vivo-ou-gravado-o-que-muda-na-evolucao-do-speaking,yes,yes,catalog_record
code:como-combinar-leitura-escuta-fala-e-escrita-no-mesmo-plano,,versioned_code,como-combinar-leitura-escuta-fala-e-escrita-no-mesmo-plano,"Como combinar leitura, escuta, fala e escrita no mesmo plano","Como combinar leitura, escuta, fala e escrita no mesmo plano",https://vediums.com/blog/ingles/como-combinar-leitura-escuta-fala-e-escrita-no-mesmo-plano,pt-BR,ingles,Inglês,320c9aa9c3312af69414b6757223fedaedf7f031087fb7b8659fc606caea7fd6,2667,https://vediums.com/blog/ingles/como-combinar-leitura-escuta-fala-e-escrita-no-mesmo-plano,yes,yes,catalog_record
code:ingles-para-quem-quer-estudar-fora-vocabulario-academico-inicial,,versioned_code,ingles-para-quem-quer-estudar-fora-vocabulario-academico-inicial,Inglês para quem quer estudar fora: vocabulário acadêmico inicial,Inglês para quem quer estudar fora: vocabulário acadêmico inicial,https://vediums.com/blog/ingles/ingles-para-quem-quer-estudar-fora-vocabulario-academico-inicial,pt-BR,ingles,Inglês,855ebfba7aab0bea8a701aa3baa233f923eab5642244f8ad6addeb5214364eae,2635,https://vediums.com/blog/ingles/ingles-para-quem-quer-estudar-fora-vocabulario-academico-inicial,yes,yes,catalog_record
code:como-a-pratica-constante-supera-maratonas-de-estudo-em-ingles,,versioned_code,como-a-pratica-constante-supera-maratonas-de-estudo-em-ingles,Como a prática constante supera maratonas de estudo em inglês,Como a prática constante supera maratonas de estudo em inglês,https://vediums.com/blog/ingles/como-a-pratica-constante-supera-maratonas-de-estudo-em-ingles,pt-BR,ingles,Inglês,c369550e4a337507a1d1f9711fd3dd9e19a1e5235ada26d82ac62089e5d3fa87,2808,https://vediums.com/blog/ingles/como-a-pratica-constante-supera-maratonas-de-estudo-em-ingles,yes,yes,catalog_record
code:como-escrever-mensagens-curtas-e-claras-em-ingles-corporativo,,versioned_code,como-escrever-mensagens-curtas-e-claras-em-ingles-corporativo,Como escrever mensagens curtas e claras em inglês corporativo.md,Como escrever mensagens curtas e claras em inglês corporativo.md,https://vediums.com/blog/ingles/como-escrever-mensagens-curtas-e-claras-em-ingles-corporativo,pt-BR,ingles,Inglês,570d092fcfcad7fa7bc35249703b51c7f9acb4516ca56f64bb6387698b5d7782,1232,https://vediums.com/blog/ingles/como-escrever-mensagens-curtas-e-claras-em-ingles-corporativo,yes,yes,catalog_record
code:ingles-para-conversas-por-telefone-e-chamadas-de-video,,versioned_code,ingles-para-conversas-por-telefone-e-chamadas-de-video,Inglês para conversas por telefone e chamadas de vídeo: Guia Prático de Fluência,Inglês para conversas por telefone e chamadas de vídeo: Guia Prático de Fluência,https://vediums.com/blog/ingles/ingles-para-conversas-por-telefone-e-chamadas-de-video,pt-BR,ingles,Inglês,82b5745f791b925c7717d8710657a85c791b83715c131f3b96369332acc5bc24,1044,https://vediums.com/blog/ingles/ingles-para-conversas-por-telefone-e-chamadas-de-video,yes,yes,catalog_record
code:o-papel-do-professor-qualificado-no-ensino-de-ioruba,,versioned_code,o-papel-do-professor-qualificado-no-ensino-de-ioruba,O papel do professor qualificado no ensino de iorubá,O papel do professor qualificado no ensino de iorubá,https://vediums.com/blog/ioruba/o-papel-do-professor-qualificado-no-ensino-de-ioruba,pt-BR,ioruba,Iorubá,ab5265792bba1aaeab7f72ecb10c88a2585635914c69a51da8914e3b3c18e74e,956,https://vediums.com/blog/ioruba/o-papel-do-professor-qualificado-no-ensino-de-ioruba,yes,yes,catalog_record
code:como-avaliar-se-um-conteudo-de-ioruba-e-serio-e-responsavel,,versioned_code,como-avaliar-se-um-conteudo-de-ioruba-e-serio-e-responsavel,Como avaliar se um conteúdo de iorubá é sério e responsável,Como avaliar se um conteúdo de iorubá é sério e responsável,https://vediums.com/blog/ioruba/como-avaliar-se-um-conteudo-de-ioruba-e-serio-e-responsavel,pt-BR,ioruba,Iorubá,7a61ea51c4ebed737a7adecdeb685d23dcd67cf580a703226006cc467b8d97df,2487,https://vediums.com/blog/ioruba/como-avaliar-se-um-conteudo-de-ioruba-e-serio-e-responsavel,yes,yes,catalog_record
code:como-manter-constancia-no-estudo-de-uma-lingua-de-heranca,,versioned_code,como-manter-constancia-no-estudo-de-uma-lingua-de-heranca,Como manter constância no estudo de uma língua de herança,Como manter constância no estudo de uma língua de herança,https://vediums.com/blog/ioruba/como-manter-constancia-no-estudo-de-uma-lingua-de-heranca,pt-BR,ioruba,Iorubá,20fcc4319d5f050d15698d402cced600bdb4bd8830d20d16c045b0372629d9dd,2672,https://vediums.com/blog/ioruba/como-manter-constancia-no-estudo-de-uma-lingua-de-heranca,yes,yes,catalog_record
code:como-os-tons-mudam-o-significado-das-palavras-em-ioruba,,versioned_code,como-os-tons-mudam-o-significado-das-palavras-em-ioruba,Como os tons mudam o significado das palavras em iorubá,Como os tons mudam o significado das palavras em iorubá,https://vediums.com/blog/ioruba/como-os-tons-mudam-o-significado-das-palavras-em-ioruba,pt-BR,ioruba,Iorubá,b7a25c344c365dcdf02bbeb13aa4e1037da571f145d79c0754920a740dc5b937,2180,https://vediums.com/blog/ioruba/como-os-tons-mudam-o-significado-das-palavras-em-ioruba,yes,yes,catalog_record
code:como-usar-perguntas-culturais-para-aprofundar-a-aula,,versioned_code,como-usar-perguntas-culturais-para-aprofundar-a-aula,Como usar perguntas culturais para aprofundar a aula,Como usar perguntas culturais para aprofundar a aula,https://vediums.com/blog/ioruba/como-usar-perguntas-culturais-para-aprofundar-a-aula,pt-BR,ioruba,Iorubá,c074fc7b2179e0eb678e1386f09a22b54495adede7df245083872725e083af68,2935,https://vediums.com/blog/ioruba/como-usar-perguntas-culturais-para-aprofundar-a-aula,yes,yes,catalog_record
code:o-que-e-o-idioma-ioruba-e-por-que-ele-carrega-cultura-e-memoria,,versioned_code,o-que-e-o-idioma-ioruba-e-por-que-ele-carrega-cultura-e-memoria,O que é o idioma iorubá e por que ele carrega cultura e memória,O que é o idioma iorubá e por que ele carrega cultura e memória,https://vediums.com/blog/ioruba/o-que-e-o-idioma-ioruba-e-por-que-ele-carrega-cultura-e-memoria,pt-BR,ioruba,Iorubá,f1bb88298af35849e84fee2ef86dd1b85c6734a6a162341ddd59d86adbe8e0b5,1945,https://vediums.com/blog/ioruba/o-que-e-o-idioma-ioruba-e-por-que-ele-carrega-cultura-e-memoria,yes,yes,catalog_record
code:plano-de-30-dias-para-comecar-ioruba-com-base-solida,,versioned_code,plano-de-30-dias-para-comecar-ioruba-com-base-solida,Plano de 30 dias para começar iorubá com base sólida,Plano de 30 dias para começar iorubá com base sólida,https://vediums.com/blog/ioruba/plano-de-30-dias-para-comecar-ioruba-com-base-solida,pt-BR,ioruba,Iorubá,8194027d4facea8136fc2fd9ad5d41014689674ce388580273349ca644f08fb7,2945,https://vediums.com/blog/ioruba/plano-de-30-dias-para-comecar-ioruba-com-base-solida,yes,yes,catalog_record
code:primeiras-saudacoes-em-ioruba-para-aprender-com-respeito,,versioned_code,primeiras-saudacoes-em-ioruba-para-aprender-com-respeito,Primeiras saudações em iorubá para aprender com respeito,Primeiras saudações em iorubá para aprender com respeito,https://vediums.com/blog/ioruba/primeiras-saudacoes-em-ioruba-para-aprender-com-respeito,pt-BR,ioruba,Iorubá,c171937200f4191e415ca38d546d52bb2823754c24ad28c7a34b3fa530699aee,2157,https://vediums.com/blog/ioruba/primeiras-saudacoes-em-ioruba-para-aprender-com-respeito,yes,yes,catalog_record
code:vocabulario-de-relacoes-sociais-em-ioruba-comunidade-e-respeito,,versioned_code,vocabulario-de-relacoes-sociais-em-ioruba-comunidade-e-respeito,Vocabulário de relações sociais em iorubá: comunidade e respeito,Vocabulário de relações sociais em iorubá: comunidade e respeito,https://vediums.com/blog/ioruba/vocabulario-de-relacoes-sociais-em-ioruba-comunidade-e-respeito,pt-BR,ioruba,Iorubá,70894ff25a4368d7f85f2b75bbd139c7fc843e0ab3d8c24a8b4f1954f5157a63,2541,https://vediums.com/blog/ioruba/vocabulario-de-relacoes-sociais-em-ioruba-comunidade-e-respeito,yes,yes,catalog_record
code:brazilian-portuguese-for-relocation-teams-what-employees-need-before-arrival,,versioned_code,brazilian-portuguese-for-relocation-teams-what-employees-need-before-arrival,Brazilian Portuguese for relocation teams: what employees need before arrival,Brazilian Portuguese for relocation teams: what employees need before arrival,https://vediums.com/en/blog/brazilian-portuguese/brazilian-portuguese-for-relocation-teams-what-employees-need-before-arrival,en,brazilian-portuguese,Brazilian Portuguese,1dde72ba2e3ac0d4c17553abb267258e54b671fec29895ca2e9cd25561944a40,2206,https://vediums.com/en/blog/brazilian-portuguese/brazilian-portuguese-for-relocation-teams-what-employees-need-before-arrival,yes,yes,catalog_record
code:brazilian-portuguese-for-expats-what-to-learn-before-your-first-month-in-brazil,,versioned_code,brazilian-portuguese-for-expats-what-to-learn-before-your-first-month-in-brazil,Brazilian Portuguese for expats: what to learn before your first month in Brazil,Brazilian Portuguese for expats: what to learn before your first month in Brazil,https://vediums.com/en/blog/brazilian-portuguese/brazilian-portuguese-for-expats-what-to-learn-before-your-first-month-in-brazil,en,brazilian-portuguese,Brazilian Portuguese,2332d57f0d1cabb5a9c0b1460f8f938377cfa50fb367a937604d04001be40357,2191,https://vediums.com/en/blog/brazilian-portuguese/brazilian-portuguese-for-expats-what-to-learn-before-your-first-month-in-brazil,yes,yes,catalog_record
code:brazilian-portuguese-for-cultural-adaptation-in-the-first-90-days,,versioned_code,brazilian-portuguese-for-cultural-adaptation-in-the-first-90-days,Título SEO: Brazilian Portuguese for Cultural Adaptation: Your First 90 Days in Brazil,Título SEO: Brazilian Portuguese for Cultural Adaptation: Your First 90 Days in Brazil,https://vediums.com/en/blog/brazilian-portuguese/brazilian-portuguese-for-cultural-adaptation-in-the-first-90-days,en,brazilian-portuguese,Brazilian Portuguese,668e223af7c6827766ec71903498c287503b53918b0005440a71e98b3b10db26,1075,https://vediums.com/en/blog/brazilian-portuguese/brazilian-portuguese-for-cultural-adaptation-in-the-first-90-days,yes,yes,catalog_record
code:portuguese-for-everyday-bureaucracy-in-brazil,,versioned_code,portuguese-for-everyday-bureaucracy-in-brazil,Portuguese for everyday bureaucracy in Brazil: Your survival guide,Portuguese for everyday bureaucracy in Brazil: Your survival guide,https://vediums.com/en/blog/brazilian-portuguese/portuguese-for-everyday-bureaucracy-in-brazil,en,brazilian-portuguese,Brazilian Portuguese,ed76fe1f007b13699ae19844261c5ec6d0e2d44f070eb69b78a847fdd732289f,1320,https://vediums.com/en/blog/brazilian-portuguese/portuguese-for-everyday-bureaucracy-in-brazil,yes,yes,catalog_record
code:how-to-sound-natural-when-saying-yes-no-and-maybe-in-portuguese,,versioned_code,how-to-sound-natural-when-saying-yes-no-and-maybe-in-portuguese,"How to sound natural when saying yes, no and maybe in Portuguese","How to sound natural when saying yes, no and maybe in Portuguese",https://vediums.com/en/blog/brazilian-portuguese/how-to-sound-natural-when-saying-yes-no-and-maybe-in-portuguese,en,brazilian-portuguese,Brazilian Portuguese,6311ae856b862707c2805fbff080406d66596b5ca78528749a016f07100dd8d4,1258,https://vediums.com/en/blog/brazilian-portuguese/how-to-sound-natural-when-saying-yes-no-and-maybe-in-portuguese,yes,yes,catalog_record
code:how-to-ask-better-questions-in-brazilian-portuguese,,versioned_code,how-to-ask-better-questions-in-brazilian-portuguese,How to ask better questions in Brazilian Portuguese,How to ask better questions in Brazilian Portuguese,https://vediums.com/en/blog/brazilian-portuguese/how-to-ask-better-questions-in-brazilian-portuguese,en,brazilian-portuguese,Brazilian Portuguese,e1431c399265b191501e263976b1862273ac1de4a3c8defb72a1ad7bb9e10537,2896,https://vediums.com/en/blog/brazilian-portuguese/how-to-ask-better-questions-in-brazilian-portuguese,yes,yes,catalog_record
code:how-to-greet-people-in-brazil-without-sounding-too-formal,,versioned_code,how-to-greet-people-in-brazil-without-sounding-too-formal,How to greet people in Brazil without sounding too formal,How to greet people in Brazil without sounding too formal,https://vediums.com/en/blog/brazilian-portuguese/how-to-greet-people-in-brazil-without-sounding-too-formal,en,brazilian-portuguese,Brazilian Portuguese,c7fee5c481f9792fe7330334d8b7a4349fb452a247d5aeeba0e65b15c4d76bef,2242,https://vediums.com/en/blog/brazilian-portuguese/how-to-greet-people-in-brazil-without-sounding-too-formal,yes,yes,catalog_record
code:how-to-use-live-classes-to-gain-speaking-confidence,,versioned_code,how-to-use-live-classes-to-gain-speaking-confidence,How to use live classes to gain speaking confidence,How to use live classes to gain speaking confidence,https://vediums.com/en/blog/brazilian-portuguese/how-to-use-live-classes-to-gain-speaking-confidence,en,brazilian-portuguese,Brazilian Portuguese,e796b012b8d6d3726497970fa8f6df1ef539b366398373d5dd15a9f1efe81457,2865,https://vediums.com/en/blog/brazilian-portuguese/how-to-use-live-classes-to-gain-speaking-confidence,yes,yes,catalog_record
code:portuguese-for-airport-arrival-and-first-hotel-check-in,,versioned_code,portuguese-for-airport-arrival-and-first-hotel-check-in,Portuguese for airport arrival and first hotel check-in,Portuguese for airport arrival and first hotel check-in,https://vediums.com/en/blog/brazilian-portuguese/portuguese-for-airport-arrival-and-first-hotel-check-in,en,brazilian-portuguese,Brazilian Portuguese,f1a9d51d602100d978b610d759f674126e1ff23c8f755acf0337267f7eb814f5,2798,https://vediums.com/en/blog/brazilian-portuguese/portuguese-for-airport-arrival-and-first-hotel-check-in,yes,yes,catalog_record
code:portuguese-for-brazil-a-realistic-study-path-from-a1-to-b1,,versioned_code,portuguese-for-brazil-a-realistic-study-path-from-a1-to-b1,Portuguese for Brazil: a realistic study path from A1 to B1,Portuguese for Brazil: a realistic study path from A1 to B1,https://vediums.com/en/blog/brazilian-portuguese/portuguese-for-brazil-a-realistic-study-path-from-a1-to-b1,en,brazilian-portuguese,Brazilian Portuguese,d21159b5d909a9d01c179e4d5a4126d33d22ab366260c7fc501ff11d267eb85a,2553,https://vediums.com/en/blog/brazilian-portuguese/portuguese-for-brazil-a-realistic-study-path-from-a1-to-b1,yes,yes,catalog_record
code:portugues-brasileno-para-llegar-a-brasil-preparado,,versioned_code,portugues-brasileno-para-llegar-a-brasil-preparado,Portugués brasileño para llegar a Brasil preparado,Portugués brasileño para llegar a Brasil preparado,https://vediums.com/es/blog/portugues-brasileno/portugues-brasileno-para-llegar-a-brasil-preparado,es,portugues-brasileno,Portugués brasileño,552d32295a574d6268db31d4e8ce62681ff354fbd5ff44f0d780c127cae551d2,2364,https://vediums.com/es/blog/portugues-brasileno/portugues-brasileno-para-llegar-a-brasil-preparado,yes,yes,catalog_record
code:brasilianisches-portugiesisch-fur-auswanderer-die-wichtigsten-grundlagen,,versioned_code,brasilianisches-portugiesisch-fur-auswanderer-die-wichtigsten-grundlagen,Brasilianisches Portugiesisch für Auswanderer: die wichtigsten Grundlagen,Brasilianisches Portugiesisch für Auswanderer: die wichtigsten Grundlagen,https://vediums.com/blog/brasilianisches-portugiesisch-fur-auswanderer-die-wichtigsten-grundlagen,de,,Deutsch,8b7726ad06782ce20aa1eddef33aae5cbeb965b862b48420f13059c8dbe40a7c,2137,https://vediums.com/blog/brasilianisches-portugiesisch-fur-auswanderer-die-wichtigsten-grundlagen,yes,yes,catalog_record
code:brasilianisches-portugiesisch-fur-fuhrungskrafte-und-manager,,versioned_code,brasilianisches-portugiesisch-fur-fuhrungskrafte-und-manager,Brasilianisches Portugiesisch für Führungskräfte und Manager,Brasilianisches Portugiesisch für Führungskräfte und Manager,https://vediums.com/blog/brasilianisches-portugiesisch-fur-fuhrungskrafte-und-manager,de,,Deutsch,418a3aba3fd0148ceb0a9d8faa576c48fd5ff0238aacb5bfad4349418d9b5136,974,https://vediums.com/blog/brasilianisches-portugiesisch-fur-fuhrungskrafte-und-manager,yes,yes,catalog_record
code:portugais-bresilien-pour-expatries-les-bases-avant-de-vivre-au-bresil,,versioned_code,portugais-bresilien-pour-expatries-les-bases-avant-de-vivre-au-bresil,Portugais brésilien pour expatriés : les bases avant de vivre au Brésil,Portugais brésilien pour expatriés : les bases avant de vivre au Brésil,https://vediums.com/blog/portugais-bresilien-pour-expatries-les-bases-avant-de-vivre-au-bresil,fr,,Français,5f6c737b08c079a5cb2592aa19f8498d9f64bbac94603099f9c80f6adb05b69f,2123,https://vediums.com/blog/portugais-bresilien-pour-expatries-les-bases-avant-de-vivre-au-bresil,yes,yes,catalog_record
code:portugais-du-bresil-pour-familles-qui-s-installent-au-bresil,,versioned_code,portugais-du-bresil-pour-familles-qui-s-installent-au-bresil,Portugais du Brésil pour familles qui s'installent au Brésil.md,Portugais du Brésil pour familles qui s'installent au Brésil.md,https://vediums.com/blog/portugais-du-bresil-pour-familles-qui-s-installent-au-bresil,fr,,Français,c484084399d78ef2902bda5f8a6ac70590faa15f077cc939a20e6d2a7da8a25a,1279,https://vediums.com/blog/portugais-du-bresil-pour-familles-qui-s-installent-au-bresil,yes,yes,catalog_record
code:ple-zh-078,,versioned_code,ple-zh-078,90天建立巴西葡萄牙语基础的计划,90天建立巴西葡萄牙语基础的计划,https://vediums.com/blog/ple-zh-078,zh-CN,,中文,5f6dd04fddc5e7818cc22eefa90a3b573339ccfc1049e8c29a5fc2a41e117349,540,https://vediums.com/blog/ple-zh-078,yes,yes,catalog_record
code:ple-ru-077,,versioned_code,ple-ru-077,Реалистичный план изучения бразильского португальского на 90 дней,Реалистичный план изучения бразильского португальского на 90 дней,https://vediums.com/blog/ple-ru-077,ru-RU,,Русский,f2257283e15e34eed424b1953533809b96774c0363d26f7ea982cadc3992e69e,2620,https://vediums.com/blog/ple-ru-077,yes,yes,catalog_record
code:alfabeto-ioruba-sons-marcas-e-primeiras-leituras,,versioned_code,alfabeto-ioruba-sons-marcas-e-primeiras-leituras,"Alfabeto iorubá: sons, marcas e primeiras leituras","Alfabeto iorubá: sons, marcas e primeiras leituras",https://vediums.com/blog/ioruba/alfabeto-ioruba-sons-marcas-e-primeiras-leituras,pt-BR,ioruba,Iorubá,40304d1ad8d036cd98077155941d72614a492ddcedc48db4d02884627ff2f8cd,2821,https://vediums.com/blog/ioruba/alfabeto-ioruba-sons-marcas-e-primeiras-leituras,yes,yes,catalog_record
code:como-ouvir-cantigas-em-ioruba-com-mais-atencao-ao-significado,,versioned_code,como-ouvir-cantigas-em-ioruba-com-mais-atencao-ao-significado,Como ouvir cantigas em iorubá com mais atenção ao significado,Como ouvir cantigas em iorubá com mais atenção ao significado,https://vediums.com/blog/ioruba/como-ouvir-cantigas-em-ioruba-com-mais-atencao-ao-significado,pt-BR,ioruba,Iorubá,0deca139974c6f354aa9e9689084c521fa3a1497998395ddea29c6910cddcac7,2512,https://vediums.com/blog/ioruba/como-ouvir-cantigas-em-ioruba-com-mais-atencao-ao-significado,yes,yes,catalog_record
code:o-papel-da-oralidade-no-aprendizado-do-ioruba,,versioned_code,o-papel-da-oralidade-no-aprendizado-do-ioruba,O papel da oralidade no aprendizado do iorubá,O papel da oralidade no aprendizado do iorubá,https://vediums.com/blog/ioruba/o-papel-da-oralidade-no-aprendizado-do-ioruba,pt-BR,ioruba,Iorubá,34789607d19fe3495ba5b775aa651760785b5cc461c7b332b2d986d649fa193d,2572,https://vediums.com/blog/ioruba/o-papel-da-oralidade-no-aprendizado-do-ioruba,yes,yes,catalog_record
code:checklist-para-escolher-sua-primeira-turma-de-ingles-online-ao-vivo,,versioned_code,checklist-para-escolher-sua-primeira-turma-de-ingles-online-ao-vivo,Checklist para escolher sua primeira turma de inglês online ao vivo,Checklist para escolher sua primeira turma de inglês online ao vivo,https://vediums.com/blog/ingles/checklist-para-escolher-sua-primeira-turma-de-ingles-online-ao-vivo,pt-BR,ingles,Inglês,bdede59a483b7b63e8f3ed15ef07207112a38ce1676ddd0107809ecbbb0af9c9,2717,https://vediums.com/blog/ingles/checklist-para-escolher-sua-primeira-turma-de-ingles-online-ao-vivo,yes,yes,catalog_record
code:como-evitar-a-estagnacao-no-nivel-intermediario-de-ingles,,versioned_code,como-evitar-a-estagnacao-no-nivel-intermediario-de-ingles,Como evitar a estagnação no nível intermediário de inglês,Como evitar a estagnação no nível intermediário de inglês,https://vediums.com/blog/ingles/como-evitar-a-estagnacao-no-nivel-intermediario-de-ingles,pt-BR,ingles,Inglês,9779f0cb15e7943ab7c531c20afa5486233fb846e2f57c969a80e51f1e0503c4,2420,https://vediums.com/blog/ingles/como-evitar-a-estagnacao-no-nivel-intermediario-de-ingles,yes,yes,catalog_record
code:como-melhorar-o-listening-usando-situacoes-reais-do-trabalho,,versioned_code,como-melhorar-o-listening-usando-situacoes-reais-do-trabalho,Como melhorar o listening usando situações reais do trabalho,Como melhorar o listening usando situações reais do trabalho,https://vediums.com/blog/ingles/como-melhorar-o-listening-usando-situacoes-reais-do-trabalho,pt-BR,ingles,Inglês,8c95778b5578006280735b008152d3ac6031d7f02ab96408feaec7f660a4ca74,2459,https://vediums.com/blog/ingles/como-melhorar-o-listening-usando-situacoes-reais-do-trabalho,yes,yes,catalog_record
code:como-sair-do-verbo-to-be-e-comecar-a-formar-frases-uteis,,versioned_code,como-sair-do-verbo-to-be-e-comecar-a-formar-frases-uteis,Como sair do verbo to be e começar a formar frases úteis,Como sair do verbo to be e começar a formar frases úteis,https://vediums.com/blog/ingles/como-sair-do-verbo-to-be-e-comecar-a-formar-frases-uteis,pt-BR,ingles,Inglês,c43e8f70458a1909dd2f81391c3eb505f7e9c5a8e2abe699030245f8de8be9cd,2944,https://vediums.com/blog/ingles/como-sair-do-verbo-to-be-e-comecar-a-formar-frases-uteis,yes,yes,catalog_record
code:ingles-para-entrevista-de-emprego-perguntas-e-respostas-que-voce-precisa-treinar,,versioned_code,ingles-para-entrevista-de-emprego-perguntas-e-respostas-que-voce-precisa-treinar,Inglês para entrevista de emprego: perguntas e respostas que você precisa treinar,Inglês para entrevista de emprego: perguntas e respostas que você precisa treinar,https://vediums.com/blog/ingles/ingles-para-entrevista-de-emprego-perguntas-e-respostas-que-voce-precisa-treinar,pt-BR,ingles,Inglês,694978ace898499f62b5e5e0c0511d1c0d912c63a32a0ccdf021678def6ba0ef,2762,https://vediums.com/blog/ingles/ingles-para-entrevista-de-emprego-perguntas-e-respostas-que-voce-precisa-treinar,yes,yes,catalog_record
code:ingles-para-reunioes-frases-para-participar-sem-travar,,versioned_code,ingles-para-reunioes-frases-para-participar-sem-travar,Inglês para reuniões: frases para participar sem travar,Inglês para reuniões: frases para participar sem travar,https://vediums.com/blog/ingles/ingles-para-reunioes-frases-para-participar-sem-travar,pt-BR,ingles,Inglês,d99dfe3c41d953aa4b7bf8e616c75bfc7cc01f120df192b235b29fcf1ff20b38,2649,https://vediums.com/blog/ingles/ingles-para-reunioes-frases-para-participar-sem-travar,yes,yes,catalog_record
code:os-erros-que-travam-brasileiros-no-ingles-basico,,versioned_code,os-erros-que-travam-brasileiros-no-ingles-basico,Os erros que travam brasileiros no inglês básico,Os erros que travam brasileiros no inglês básico,https://vediums.com/blog/ingles/os-erros-que-travam-brasileiros-no-ingles-basico,pt-BR,ingles,Inglês,ec1dc1041208125f37532aba109a29645a6e3429b8b539248f5f6504b9fd6141,2453,https://vediums.com/blog/ingles/os-erros-que-travam-brasileiros-no-ingles-basico,yes,yes,catalog_record
code:como-criar-uma-rotina-de-estudo-de-ingles-com-pouco-tempo-por-semana,,versioned_code,como-criar-uma-rotina-de-estudo-de-ingles-com-pouco-tempo-por-semana,Como criar uma rotina de estudo de inglês com pouco tempo por semana,Como criar uma rotina de estudo de inglês com pouco tempo por semana,https://vediums.com/blog/ingles/como-criar-uma-rotina-de-estudo-de-ingles-com-pouco-tempo-por-semana,pt-BR,ingles,Inglês,030287b8a1c9abd764c10a38f0b9d2507ea52fb3029a6c63fb284fcef829f7ec,2309,https://vediums.com/blog/ingles/como-criar-uma-rotina-de-estudo-de-ingles-com-pouco-tempo-por-semana,yes,yes,catalog_record
code:por-que-brasileiro-entende-espanhol-mas-trava-para-falar,,versioned_code,por-que-brasileiro-entende-espanhol-mas-trava-para-falar,"Por que brasileiro entende espanhol, mas trava para falar","Por que brasileiro entende espanhol, mas trava para falar",https://vediums.com/blog/espanhol/por-que-brasileiro-entende-espanhol-mas-trava-para-falar,pt-BR,espanhol,Espanhol,3e5adcb0d39b662a1a8486e45fe51d6dec0d07a317adda4e2ee6bcdcca21b092,2414,https://vediums.com/blog/espanhol/por-que-brasileiro-entende-espanhol-mas-trava-para-falar,yes,yes,catalog_record
code:brazilian-portuguese-for-doctors-clinics-and-emergencies,,versioned_code,brazilian-portuguese-for-doctors-clinics-and-emergencies,"Brazilian Portuguese for doctors, clinics and emergencies","Brazilian Portuguese for doctors, clinics and emergencies",https://vediums.com/en/blog/brazilian-portuguese/brazilian-portuguese-for-doctors-clinics-and-emergencies,en,brazilian-portuguese,Brazilian Portuguese,08ba8253904ddde6e109658bd507252f5f9abb3e7e295e8728e8f0c5794d9953,3023,https://vediums.com/en/blog/brazilian-portuguese/brazilian-portuguese-for-doctors-clinics-and-emergencies,yes,yes,catalog_record
code:brazilian-portuguese-for-supermarket-pharmacy-and-daily-errands,,versioned_code,brazilian-portuguese-for-supermarket-pharmacy-and-daily-errands,"Brazilian Portuguese for supermarket, pharmacy and daily errands","Brazilian Portuguese for supermarket, pharmacy and daily errands",https://vediums.com/en/blog/brazilian-portuguese/brazilian-portuguese-for-supermarket-pharmacy-and-daily-errands,en,brazilian-portuguese,Brazilian Portuguese,bca49a4f3efbe3c4a99392caa9593273b62f76203586347287d2bddfcdfcde2b,2373,https://vediums.com/en/blog/brazilian-portuguese/brazilian-portuguese-for-supermarket-pharmacy-and-daily-errands,yes,yes,catalog_record
code:how-to-learn-portuguese-for-brazil-when-you-already-speak-another-romance-language,,versioned_code,how-to-learn-portuguese-for-brazil-when-you-already-speak-another-romance-language,How to learn Portuguese for Brazil when you already speak another Romance language,How to learn Portuguese for Brazil when you already speak another Romance language,https://vediums.com/en/blog/brazilian-portuguese/how-to-learn-portuguese-for-brazil-when-you-already-speak-another-romance-language,en,brazilian-portuguese,Brazilian Portuguese,d6f2a0bf5f4854f9bf4a24f84e5b4f73162535fe6515f5fedd83d44127d214b7,3066,https://vediums.com/en/blog/brazilian-portuguese/how-to-learn-portuguese-for-brazil-when-you-already-speak-another-romance-language,yes,yes,catalog_record
code:how-to-understand-brazilian-addresses-neighborhoods-and-directions,,versioned_code,how-to-understand-brazilian-addresses-neighborhoods-and-directions,"How to understand Brazilian addresses, neighborhoods and directions","How to understand Brazilian addresses, neighborhoods and directions",https://vediums.com/en/blog/brazilian-portuguese/how-to-understand-brazilian-addresses-neighborhoods-and-directions,en,brazilian-portuguese,Brazilian Portuguese,855db5972dfbcac23c19dcc4a4b7b45a1f6247310e77eb56fd4f18d8866c82c2,3218,https://vediums.com/en/blog/brazilian-portuguese/how-to-understand-brazilian-addresses-neighborhoods-and-directions,yes,yes,catalog_record
code:learn-portuguese-for-brazil-through-cultural-situations-not-isolated-grammar,,versioned_code,learn-portuguese-for-brazil-through-cultural-situations-not-isolated-grammar,"Learn Portuguese for Brazil through cultural situations, not isolated grammar","Learn Portuguese for Brazil through cultural situations, not isolated grammar",https://vediums.com/en/blog/brazilian-portuguese/learn-portuguese-for-brazil-through-cultural-situations-not-isolated-grammar,en,brazilian-portuguese,Brazilian Portuguese,6cffc450149b949021b8bed402303d16b803a90b9e081e24c927f314d41ace41,2799,https://vediums.com/en/blog/brazilian-portuguese/learn-portuguese-for-brazil-through-cultural-situations-not-isolated-grammar,yes,yes,catalog_record
code:portuguese-for-opening-a-bank-account-in-brazil,,versioned_code,portuguese-for-opening-a-bank-account-in-brazil,Portuguese for opening a bank account in Brazil,Portuguese for opening a bank account in Brazil,https://vediums.com/en/blog/brazilian-portuguese/portuguese-for-opening-a-bank-account-in-brazil,en,brazilian-portuguese,Brazilian Portuguese,c7c6b99157a088c9c2439126af66abc92dd14bcc2da09de3a651b32ee18f5f79,3028,https://vediums.com/en/blog/brazilian-portuguese/portuguese-for-opening-a-bank-account-in-brazil,yes,yes,catalog_record
code:portuguese-for-renting-an-apartment-in-brazil,,versioned_code,portuguese-for-renting-an-apartment-in-brazil,Portuguese for renting an apartment in Brazil,Portuguese for renting an apartment in Brazil,https://vediums.com/en/blog/brazilian-portuguese/portuguese-for-renting-an-apartment-in-brazil,en,brazilian-portuguese,Brazilian Portuguese,8ec5c65b7143fdf43206f260c4276b9a27da0d13bc3768473d873713bbb5a5de,2548,https://vediums.com/en/blog/brazilian-portuguese/portuguese-for-renting-an-apartment-in-brazil,yes,yes,catalog_record
code:what-to-expect-from-a-structured-portuguese-course-for-foreigners,,versioned_code,what-to-expect-from-a-structured-portuguese-course-for-foreigners,What to expect from a structured Portuguese course for foreigners,What to expect from a structured Portuguese course for foreigners,https://vediums.com/en/blog/brazilian-portuguese/what-to-expect-from-a-structured-portuguese-course-for-foreigners,en,brazilian-portuguese,Brazilian Portuguese,80b33da9929be4b46c919063473f21c18d2995563d0103f676e320ea2c2bb87b,2826,https://vediums.com/en/blog/brazilian-portuguese/what-to-expect-from-a-structured-portuguese-course-for-foreigners,yes,yes,catalog_record
code:portugues-brasileno-para-hispanohablantes-errores-que-parecen-pequenos,,versioned_code,portugues-brasileno-para-hispanohablantes-errores-que-parecen-pequenos,Portugués brasileño para hispanohablantes: errores que parecen pequeños,Portugués brasileño para hispanohablantes: errores que parecen pequeños,https://vediums.com/es/blog/portugues-brasileno/portugues-brasileno-para-hispanohablantes-errores-que-parecen-pequenos,es,portugues-brasileno,Portugués brasileño,704095185bcb8f3431cf3d77a6b3c8d6e122d5699191a911dd6015844d2f3673,2770,https://vediums.com/es/blog/portugues-brasileno/portugues-brasileno-para-hispanohablantes-errores-que-parecen-pequenos,yes,yes,catalog_record
code:apprendre-le-portugais-du-bresil-avec-des-cours-en-direct,,versioned_code,apprendre-le-portugais-du-bresil-avec-des-cours-en-direct,Apprendre le portugais du Brésil avec des cours en direct,Apprendre le portugais du Brésil avec des cours en direct,https://vediums.com/blog/apprendre-le-portugais-du-bresil-avec-des-cours-en-direct,fr,,Français,39c95b368f0481c29b15aa55f0cbcc374daa6c0692eaffd02e3040a81fc40b4c,2746,https://vediums.com/blog/apprendre-le-portugais-du-bresil-avec-des-cours-en-direct,yes,yes,catalog_record
code:comment-choisir-un-cours-de-portugais-bresilien-pour-etrangers,,versioned_code,comment-choisir-un-cours-de-portugais-bresilien-pour-etrangers,Comment choisir un cours de portugais brésilien pour étrangers,Comment choisir un cours de portugais brésilien pour étrangers,https://vediums.com/blog/comment-choisir-un-cours-de-portugais-bresilien-pour-etrangers,fr,,Français,00bc49e7612a4bad8302e510faf7db7749c89b8aa45dd0b683e3ae85dd2c378f,2762,https://vediums.com/blog/comment-choisir-un-cours-de-portugais-bresilien-pour-etrangers,yes,yes,catalog_record
code:portugiesisch-fur-brasilien-mit-live-unterricht-lernen,,versioned_code,portugiesisch-fur-brasilien-mit-live-unterricht-lernen,Portugiesisch für Brasilien mit Live-Unterricht lernen,Portugiesisch für Brasilien mit Live-Unterricht lernen,https://vediums.com/blog/portugiesisch-fur-brasilien-mit-live-unterricht-lernen,de,,Deutsch,61972ceac7174eb1d8d09d53bbcbf5def89da90162be04b71ac46da0f7125e1f,2606,https://vediums.com/blog/portugiesisch-fur-brasilien-mit-live-unterricht-lernen,yes,yes,catalog_record
code:aprender-portugues-de-brasil-con-clases-en-vivo-y-practica-real,,versioned_code,aprender-portugues-de-brasil-con-clases-en-vivo-y-practica-real,Aprender portugués de Brasil con clases en vivo y práctica real,Aprender portugués de Brasil con clases en vivo y práctica real,https://vediums.com/es/blog/portugues-brasileno/aprender-portugues-de-brasil-con-clases-en-vivo-y-practica-real,es,portugues-brasileno,Portugués brasileño,de034a9aa7fc2ca6cd96ef312064464662d5cd3c7dee01a4727b6d359d76d75c,2384,https://vediums.com/es/blog/portugues-brasileno/aprender-portugues-de-brasil-con-clases-en-vivo-y-practica-real,yes,yes,catalog_record
code:aula-de-ingles-online-ao-vivo-como-funciona-e-para-quem-vale-a-pena,,versioned_code,aula-de-ingles-online-ao-vivo-como-funciona-e-para-quem-vale-a-pena,Aula de inglês online ao vivo: como funciona e para quem vale a pena,Aula de inglês online ao vivo: como funciona e para quem vale a pena,https://vediums.com/blog/ingles/aula-de-ingles-online-ao-vivo-como-funciona-e-para-quem-vale-a-pena,pt-BR,ingles,Inglês,5b861aa991406a46564129fd4ad6332f69a2692bf75a3c7991e02ebfea23b1f4,2838,https://vediums.com/blog/ingles/aula-de-ingles-online-ao-vivo-como-funciona-e-para-quem-vale-a-pena,yes,yes,catalog_record
code:brasilianisches-portugiesisch-fur-beruf-und-alltag-in-brasilien,,versioned_code,brasilianisches-portugiesisch-fur-beruf-und-alltag-in-brasilien,Brasilianisches Portugiesisch für Beruf und Alltag in Brasilien,Brasilianisches Portugiesisch für Beruf und Alltag in Brasilien,https://vediums.com/blog/brasilianisches-portugiesisch-fur-beruf-und-alltag-in-brasilien,de,,Deutsch,3f07095026765bc698efc00ee059f4dd90472e24ad736b8399f3e16108ab92f3,2702,https://vediums.com/blog/brasilianisches-portugiesisch-fur-beruf-und-alltag-in-brasilien,yes,yes,catalog_record
code:brazilian-portuguese-for-international-students-choosing-a-city-in-brazil,,versioned_code,brazilian-portuguese-for-international-students-choosing-a-city-in-brazil,Brazilian Portuguese for international students choosing a city in Brazil,Brazilian Portuguese for international students choosing a city in Brazil,https://vediums.com/en/blog/brazilian-portuguese/brazilian-portuguese-for-international-students-choosing-a-city-in-brazil,en,brazilian-portuguese,Brazilian Portuguese,56ebdce0fa71dbc148ca4e7d569a9e518959076a332a7c43729e856b8e77d1c8,2866,https://vediums.com/en/blog/brazilian-portuguese/brazilian-portuguese-for-international-students-choosing-a-city-in-brazil,yes,yes,catalog_record
code:brazilian-portuguese-pronunciation-sounds-that-confuse-english-speakers,,versioned_code,brazilian-portuguese-pronunciation-sounds-that-confuse-english-speakers,Brazilian Portuguese pronunciation: sounds that confuse English speakers,Brazilian Portuguese pronunciation: sounds that confuse English speakers,https://vediums.com/en/blog/brazilian-portuguese/brazilian-portuguese-pronunciation-sounds-that-confuse-english-speakers,en,brazilian-portuguese,Brazilian Portuguese,0d8d092991fe73263a82f8dbe8ef8493942ef1f55071b1ffe5445cb8418c6d8a,3121,https://vediums.com/en/blog/brazilian-portuguese/brazilian-portuguese-pronunciation-sounds-that-confuse-english-speakers,yes,yes,catalog_record
code:como-estudar-phrasal-verbs-sem-decorar-listas-infinitas,,versioned_code,como-estudar-phrasal-verbs-sem-decorar-listas-infinitas,Como estudar phrasal verbs sem decorar listas infinitas,Como estudar phrasal verbs sem decorar listas infinitas,https://vediums.com/blog/ingles/como-estudar-phrasal-verbs-sem-decorar-listas-infinitas,pt-BR,ingles,Inglês,982cdc22f233d3cac68052abab1c81538c542d263b41aa7e526420602515feb2,3012,https://vediums.com/blog/ingles/como-estudar-phrasal-verbs-sem-decorar-listas-infinitas,yes,yes,catalog_record
code:como-funciona-a-alfabetizacao-em-hebraico-do-zero,,versioned_code,como-funciona-a-alfabetizacao-em-hebraico-do-zero,Como funciona a alfabetização em hebraico do zero,Como funciona a alfabetização em hebraico do zero,https://vediums.com/blog/hebraico/como-funciona-a-alfabetizacao-em-hebraico-do-zero,pt-BR,hebraico,Hebraico,e3cd1a5a9c56262df0a741bfe10ae7845a08d6e8d75d36788825d472cc8afcf2,2950,https://vediums.com/blog/hebraico/como-funciona-a-alfabetizacao-em-hebraico-do-zero,yes,yes,catalog_record
code:como-perguntar-nome-origem-e-bem-estar-em-ioruba,,versioned_code,como-perguntar-nome-origem-e-bem-estar-em-ioruba,"Como perguntar nome, origem e bem-estar em iorubá","Como perguntar nome, origem e bem-estar em iorubá",https://vediums.com/blog/ioruba/como-perguntar-nome-origem-e-bem-estar-em-ioruba,pt-BR,ioruba,Iorubá,51b23dbaf7d0ba1c77be5ffe42a6c231beda1b44af78b03ca1fbb8d8be7cfe2c,2409,https://vediums.com/blog/ioruba/como-perguntar-nome-origem-e-bem-estar-em-ioruba,yes,yes,catalog_record
code:como-usar-shadowing-sem-copiar-sotaque-de-forma-artificial,,versioned_code,como-usar-shadowing-sem-copiar-sotaque-de-forma-artificial,Como usar shadowing sem copiar sotaque de forma artificial,Como usar shadowing sem copiar sotaque de forma artificial,https://vediums.com/blog/ingles/como-usar-shadowing-sem-copiar-sotaque-de-forma-artificial,pt-BR,ingles,Inglês,74b31ac884dd60209335884d4c6b1069d2cdcb4bbc7e26aeade9776da211ae7b,2717,https://vediums.com/blog/ingles/como-usar-shadowing-sem-copiar-sotaque-de-forma-artificial,yes,yes,catalog_record
code:curso-de-ingles-com-professor-ao-vivo-o-que-muda-na-evolucao-da-fala,,versioned_code,curso-de-ingles-com-professor-ao-vivo-o-que-muda-na-evolucao-da-fala,Curso de inglês com professor ao vivo: o que muda na evolução da fala,Curso de inglês com professor ao vivo: o que muda na evolução da fala,https://vediums.com/blog/ingles/curso-de-ingles-com-professor-ao-vivo-o-que-muda-na-evolucao-da-fala,pt-BR,ingles,Inglês,b4a982795a9406f48a7a7b3425a69b59d775fc6713ed7bf660ccb2f419338ee8,2607,https://vediums.com/blog/ingles/curso-de-ingles-com-professor-ao-vivo-o-que-muda-na-evolucao-da-fala,yes,yes,catalog_record
code:dias-da-semana-e-expressoes-de-tempo-em-ioruba,,versioned_code,dias-da-semana-e-expressoes-de-tempo-em-ioruba,Dias da semana e expressões de tempo em iorubá,Dias da semana e expressões de tempo em iorubá,https://vediums.com/blog/ioruba/dias-da-semana-e-expressoes-de-tempo-em-ioruba,pt-BR,ioruba,Iorubá,10e6690a38980e03aed17a3dc3bfe7c6e265fcb5fb49c4c64415e940e866bc5b,2501,https://vediums.com/blog/ioruba/dias-da-semana-e-expressoes-de-tempo-em-ioruba,yes,yes,catalog_record
code:erros-comuns-de-pronuncia-que-alteram-palavras-em-ioruba,,versioned_code,erros-comuns-de-pronuncia-que-alteram-palavras-em-ioruba,Erros comuns de pronúncia que alteram palavras em iorubá,Erros comuns de pronúncia que alteram palavras em iorubá,https://vediums.com/blog/ioruba/erros-comuns-de-pronuncia-que-alteram-palavras-em-ioruba,pt-BR,ioruba,Iorubá,d64117bc32e49ee78b130624198b672c8843f90ea08e482255d99add6ff37fec,2555,https://vediums.com/blog/ioruba/erros-comuns-de-pronuncia-que-alteram-palavras-em-ioruba,yes,yes,catalog_record
code:falsos-cognatos-em-espanhol-que-mais-confundem-brasileiros,,versioned_code,falsos-cognatos-em-espanhol-que-mais-confundem-brasileiros,Falsos cognatos em espanhol que mais confundem brasileiros,Falsos cognatos em espanhol que mais confundem brasileiros,https://vediums.com/blog/espanhol/falsos-cognatos-em-espanhol-que-mais-confundem-brasileiros,pt-BR,espanhol,Espanhol,89c1be48fb6441e37ff34b7fbb7c01aa9c87585ecab0b642b48bb37b79ea5082,2716,https://vediums.com/blog/espanhol/falsos-cognatos-em-espanhol-que-mais-confundem-brasileiros,yes,yes,catalog_record
code:hebraico-moderno-x-hebraico-biblico-entenda-a-diferenca,,versioned_code,hebraico-moderno-x-hebraico-biblico-entenda-a-diferenca,Hebraico moderno x hebraico bíblico: entenda a diferença,Hebraico moderno x hebraico bíblico: entenda a diferença,https://vediums.com/blog/hebraico/hebraico-moderno-x-hebraico-biblico-entenda-a-diferenca,pt-BR,hebraico,Hebraico,203fbd9c05b22454432d19557cfd3d1e6542d2245f23db3f4b0d3fa64126b4ff,2478,https://vediums.com/blog/hebraico/hebraico-moderno-x-hebraico-biblico-entenda-a-diferenca,yes,yes,catalog_record
code:how-to-handle-small-talk-with-brazilians-in-portuguese,,versioned_code,how-to-handle-small-talk-with-brazilians-in-portuguese,How to handle small talk with Brazilians in Portuguese,How to handle small talk with Brazilians in Portuguese,https://vediums.com/en/blog/brazilian-portuguese/how-to-handle-small-talk-with-brazilians-in-portuguese,en,brazilian-portuguese,Brazilian Portuguese,980414047a4554728d3896298abe0954ef4888b73d3d6e2dbd816f96a629624a,2841,https://vediums.com/en/blog/brazilian-portuguese/how-to-handle-small-talk-with-brazilians-in-portuguese,yes,yes,catalog_record
code:how-to-introduce-yourself-professionally-in-brazilian-portuguese,,versioned_code,how-to-introduce-yourself-professionally-in-brazilian-portuguese,How to introduce yourself professionally in Brazilian Portuguese,How to introduce yourself professionally in Brazilian Portuguese,https://vediums.com/en/blog/brazilian-portuguese/how-to-introduce-yourself-professionally-in-brazilian-portuguese,en,brazilian-portuguese,Brazilian Portuguese,7ba96376116a3d5c724719b6ac2b3456ab18ab85cd5f87948c1aa48c5dd465b9,3177,https://vediums.com/en/blog/brazilian-portuguese/how-to-introduce-yourself-professionally-in-brazilian-portuguese,yes,yes,catalog_record
code:how-to-learn-brazilian-portuguese-without-relying-only-on-apps,,versioned_code,how-to-learn-brazilian-portuguese-without-relying-only-on-apps,How to learn Brazilian Portuguese without relying only on apps,How to learn Brazilian Portuguese without relying only on apps,https://vediums.com/en/blog/brazilian-portuguese/how-to-learn-brazilian-portuguese-without-relying-only-on-apps,en,brazilian-portuguese,Brazilian Portuguese,dd5784fe5da94b3426663ab64030669e5db1249fa6af3c11ed1000282d1565b8,3070,https://vediums.com/en/blog/brazilian-portuguese/how-to-learn-brazilian-portuguese-without-relying-only-on-apps,yes,yes,catalog_record
code:how-to-order-food-in-brazil-with-confidence,,versioned_code,how-to-order-food-in-brazil-with-confidence,How to order food in Brazil with confidence,How to order food in Brazil with confidence,https://vediums.com/en/blog/brazilian-portuguese/how-to-order-food-in-brazil-with-confidence,en,brazilian-portuguese,Brazilian Portuguese,b112ea82094516008342113f8375ad05016f3785f9a18c8fbb5f3e623caedfea,2605,https://vediums.com/en/blog/brazilian-portuguese/how-to-order-food-in-brazil-with-confidence,yes,yes,catalog_record
code:ingles-para-apresentacao-profissional-em-dois-minutos,,versioned_code,ingles-para-apresentacao-profissional-em-dois-minutos,Inglês para apresentação profissional em dois minutos,Inglês para apresentação profissional em dois minutos,https://vediums.com/blog/ingles/ingles-para-apresentacao-profissional-em-dois-minutos,pt-BR,ingles,Inglês,a57a374c52545e54b141bb03a3c50a210871b0a0a06697e37911fe0ae42d4a4f,3306,https://vediums.com/blog/ingles/ingles-para-apresentacao-profissional-em-dois-minutos,yes,yes,catalog_record
code:ingles-para-atendimento-ao-cliente-expressoes-educadas-e-naturais,,versioned_code,ingles-para-atendimento-ao-cliente-expressoes-educadas-e-naturais,Inglês para atendimento ao cliente: expressões educadas e naturais,Inglês para atendimento ao cliente: expressões educadas e naturais,https://vediums.com/blog/ingles/ingles-para-atendimento-ao-cliente-expressoes-educadas-e-naturais,pt-BR,ingles,Inglês,8a84e31a72eb228bf6517bab5bf3cfff154d82eca3852c4582a3dde101cfa6f5,2873,https://vediums.com/blog/ingles/ingles-para-atendimento-ao-cliente-expressoes-educadas-e-naturais,yes,yes,catalog_record
code:ingles-para-viagem-vocabulario-essencial-para-aeroporto-e-hotel,,versioned_code,ingles-para-viagem-vocabulario-essencial-para-aeroporto-e-hotel,Inglês para viagem: vocabulário essencial para aeroporto e hotel,Inglês para viagem: vocabulário essencial para aeroporto e hotel,https://vediums.com/blog/ingles/ingles-para-viagem-vocabulario-essencial-para-aeroporto-e-hotel,pt-BR,ingles,Inglês,83bbdb3edfd8de2e77765d03421f42477f8e547eef0e9639a389c3a04bc8b4e4,2498,https://vediums.com/blog/ingles/ingles-para-viagem-vocabulario-essencial-para-aeroporto-e-hotel,yes,yes,catalog_record
code:ple-ru-011,,versioned_code,ple-ru-011,Как учить португальский для Бразилии на живых занятиях,Как учить португальский для Бразилии на живых занятиях,https://vediums.com/blog/ple-ru-011,ru-RU,,Русский,46075b87dea027eea35f5216563cdcdd1cfd3aede3de8eeb339bfa7dfb966c5a,2257,https://vediums.com/blog/ple-ru-011,yes,yes,catalog_record
code:numeros-em-ioruba-logica-uso-e-pratica-inicial,,versioned_code,numeros-em-ioruba-logica-uso-e-pratica-inicial,"Números em iorubá: lógica, uso e prática inicial","Números em iorubá: lógica, uso e prática inicial",https://vediums.com/blog/ioruba/numeros-em-ioruba-logica-uso-e-pratica-inicial,pt-BR,ioruba,Iorubá,ca73832a56046cbd98ed4356ed5b348d22d00105d2278b4e657abb7774a674af,2730,https://vediums.com/blog/ioruba/numeros-em-ioruba-logica-uso-e-pratica-inicial,yes,yes,catalog_record
code:palavras-iorubas-presentes-na-cultura-afro-brasileira,,versioned_code,palavras-iorubas-presentes-na-cultura-afro-brasileira,Palavras iorubás presentes na cultura afro-brasileira,Palavras iorubás presentes na cultura afro-brasileira,https://vediums.com/blog/ioruba/palavras-iorubas-presentes-na-cultura-afro-brasileira,pt-BR,ioruba,Iorubá,4c3d245685daf8b39195033dcca3810df82823969db4ea277d5ebfbd0470bfb8,2762,https://vediums.com/blog/ioruba/palavras-iorubas-presentes-na-cultura-afro-brasileira,yes,yes,catalog_record
code:por-que-brasileiros-entendem-ingles-escrito-mas-travam-na-fala,,versioned_code,por-que-brasileiros-entendem-ingles-escrito-mas-travam-na-fala,Por que brasileiros entendem inglês escrito mas travam na fala,Por que brasileiros entendem inglês escrito mas travam na fala,https://vediums.com/blog/ingles/por-que-brasileiros-entendem-ingles-escrito-mas-travam-na-fala,pt-BR,ingles,Inglês,daddc0def0f687541116705d3fbd63e0bbedff266315db2c285fcb1973823de4,2596,https://vediums.com/blog/ingles/por-que-brasileiros-entendem-ingles-escrito-mas-travam-na-fala,yes,yes,catalog_record
code:portugues-brasileno-para-trabajar-y-vivir-en-brasil,,versioned_code,portugues-brasileno-para-trabajar-y-vivir-en-brasil,Portugués brasileño para trabajar y vivir en Brasil,Portugués brasileño para trabajar y vivir en Brasil,https://vediums.com/es/blog/portugues-brasileno/portugues-brasileno-para-trabajar-y-vivir-en-brasil,es,portugues-brasileno,Portugués brasileño,fbfee1571cdc0acb4cb5ab14c6b3c8df511b3ef477d91bdb52b87c72ce2b3b64,2915,https://vediums.com/es/blog/portugues-brasileno/portugues-brasileno-para-trabajar-y-vivir-en-brasil,yes,yes,catalog_record
code:portuguese-for-remote-workers-living-in-brazil,,versioned_code,portuguese-for-remote-workers-living-in-brazil,Portuguese for remote workers living in Brazil,Portuguese for remote workers living in Brazil,https://vediums.com/en/blog/brazilian-portuguese/portuguese-for-remote-workers-living-in-brazil,en,brazilian-portuguese,Brazilian Portuguese,342abbdbd21883728513e4b4bc7ec4ba19de83bdf811f739be13501bf780fb3b,3051,https://vediums.com/en/blog/brazilian-portuguese/portuguese-for-remote-workers-living-in-brazil,yes,yes,catalog_record
code:portuguese-for-ride-apps-taxis-and-public-transportation-in-brazil,,versioned_code,portuguese-for-ride-apps-taxis-and-public-transportation-in-brazil,"Portuguese for ride apps, taxis and public transportation in Brazil","Portuguese for ride apps, taxis and public transportation in Brazil",https://vediums.com/en/blog/brazilian-portuguese/portuguese-for-ride-apps-taxis-and-public-transportation-in-brazil,en,brazilian-portuguese,Brazilian Portuguese,6d542066d0acda42814b043bd2668d38f4f0e7373aec512254a58eb91a418936,2943,https://vediums.com/en/blog/brazilian-portuguese/portuguese-for-ride-apps-taxis-and-public-transportation-in-brazil,yes,yes,catalog_record
code:portuguese-for-work-meetings-in-brazil-first-phrases-to-master,,versioned_code,portuguese-for-work-meetings-in-brazil-first-phrases-to-master,Portuguese for work meetings in Brazil: first phrases to master,Portuguese for work meetings in Brazil: first phrases to master,https://vediums.com/en/blog/brazilian-portuguese/portuguese-for-work-meetings-in-brazil-first-phrases-to-master,en,brazilian-portuguese,Brazilian Portuguese,2b2ae0a82258fae2bf300ea8a433a4326212f976fe44c0e7dfe49f28ebfd4a24,3326,https://vediums.com/en/blog/brazilian-portuguese/portuguese-for-work-meetings-in-brazil-first-phrases-to-master,yes,yes,catalog_record
code:quando-usar-do-does-e-did-sem-confundir-na-conversa,,versioned_code,quando-usar-do-does-e-did-sem-confundir-na-conversa,"Quando usar do, does e did sem confundir na conversa","Quando usar do, does e did sem confundir na conversa",https://vediums.com/blog/ingles/quando-usar-do-does-e-did-sem-confundir-na-conversa,pt-BR,ingles,Inglês,fe2c1535b21add5e1074394ce6bb38bfcabb3eacb375c8da9e315b1315139e33,3147,https://vediums.com/blog/ingles/quando-usar-do-does-e-did-sem-confundir-na-conversa,yes,yes,catalog_record
code:ple-zh-012,,versioned_code,ple-zh-012,通过真人直播课学习巴西葡萄牙语,通过真人直播课学习巴西葡萄牙语,https://vediums.com/blog/ple-zh-012,zh-CN,,中文,e608d251f66df05827cc67194a42462ce27fbac9e1791fc0438bbf8a7556cd53,765,https://vediums.com/blog/ple-zh-012,yes,yes,catalog_record
code:vocabulario-de-familia-em-ioruba-e-seu-valor-cultural,,versioned_code,vocabulario-de-familia-em-ioruba-e-seu-valor-cultural,Vocabulário de família em iorubá e seu valor cultural,Vocabulário de família em iorubá e seu valor cultural,https://vediums.com/blog/ioruba/vocabulario-de-familia-em-ioruba-e-seu-valor-cultural,pt-BR,ioruba,Iorubá,56a17190f66baa83588c2891d6d0af58f5a08c76c3a190785970762229b6fb76,2631,https://vediums.com/blog/ioruba/vocabulario-de-familia-em-ioruba-e-seu-valor-cultural,yes,yes,catalog_record
