url,lastmod,changefreq,priority
https://vediums.com/blog,2026-07-25,weekly,0.7
https://vediums.com/blog/ingles,2026-07-25,weekly,0.7
https://vediums.com/blog/ioruba,2026-07-25,weekly,0.7
https://vediums.com/blog/hebraico,2026-07-25,weekly,0.6
https://vediums.com/blog/espanhol,2026-07-25,weekly,0.6
https://vediums.com/en/blog,2026-07-25,weekly,0.7
https://vediums.com/en/blog/brazilian-portuguese,2026-07-25,weekly,0.7
https://vediums.com/es/blog,2026-07-25,weekly,0.7
https://vediums.com/es/blog/portugues-brasileno,2026-07-25,weekly,0.7
https://vediums.com/blog/ingles/curso-de-ingles-com-professor-ao-vivo-o-que-muda-na-evolucao-da-fala,2026-07-25,monthly,0.6
https://vediums.com/blog/ingles/aula-de-ingles-online-ao-vivo-como-funciona-e-para-quem-vale-a-pena,2026-07-25,monthly,0.6
https://vediums.com/blog/comment-choisir-un-cours-de-portugais-bresilien-pour-etrangers,2026-07-25,monthly,0.6
https://vediums.com/en/blog/brazilian-portuguese/what-to-expect-from-a-structured-portuguese-course-for-foreigners,2026-07-25,monthly,0.6
https://vediums.com/blog/ingles/checklist-para-escolher-sua-primeira-turma-de-ingles-online-ao-vivo,2026-07-25,monthly,0.6
https://vediums.com/blog/ioruba/plano-de-30-dias-para-comecar-ioruba-com-base-solida,2026-07-25,monthly,0.6
https://vediums.com/blog/plano-de-30-dias-para-comecar-ioruba-com-base-solida,2026-07-25,monthly,0.6
https://vediums.com/blog/yoruba-alphabet-guide,2026-07-25,monthly,0.6
https://vediums.com/blog/yoruba-greetings,2026-07-25,monthly,0.6
https://vediums.com/blog/yoruba-numbers-1-to-20,2026-07-25,monthly,0.6
https://vediums.com/blog/yoruba-language-and-culture,2026-07-25,monthly,0.6
https://vediums.com/en/blog/brazilian-portuguese/portuguese-for-brazil-a-realistic-study-path-from-a1-to-b1,2026-07-25,monthly,0.6
https://vediums.com/blog/portuguese-for-brazil-a-realistic-study-path-from-a1-to-b1,2026-07-25,monthly,0.6
https://vediums.com/blog/alfabeto-ioruba,2026-07-25,monthly,0.6
https://vediums.com/blog/saudacoes-em-ioruba,2026-07-25,monthly,0.6
https://vediums.com/blog/numeros-em-ioruba,2026-07-25,monthly,0.6
https://vediums.com/en/blog/brazilian-portuguese/how-to-ask-better-questions-in-brazilian-portuguese,2026-07-25,monthly,0.6
https://vediums.com/blog/how-to-ask-better-questions-in-brazilian-portuguese,2026-07-25,monthly,0.6
https://vediums.com/blog/ingles/como-a-pratica-constante-supera-maratonas-de-estudo-em-ingles,2026-07-25,monthly,0.6
https://vediums.com/blog/como-a-pratica-constante-supera-maratonas-de-estudo-em-ingles,2026-07-25,monthly,0.6
https://vediums.com/blog/ioruba/como-avaliar-se-um-conteudo-de-ioruba-e-serio-e-responsavel,2026-07-25,monthly,0.6
https://vediums.com/blog/como-avaliar-se-um-conteudo-de-ioruba-e-serio-e-responsavel,2026-07-25,monthly,0.6
https://vediums.com/blog/ple-zh-078,2026-07-25,monthly,0.6
https://vediums.com/en/blog/brazilian-portuguese/portuguese-for-airport-arrival-and-first-hotel-check-in,2026-07-25,monthly,0.6
https://vediums.com/blog/portuguese-for-airport-arrival-and-first-hotel-check-in,2026-07-25,monthly,0.6
https://vediums.com/blog/ingles/ingles-para-quem-quer-estudar-fora-vocabulario-academico-inicial,2026-07-25,monthly,0.6
https://vediums.com/blog/ingles-para-quem-quer-estudar-fora-vocabulario-academico-inicial,2026-07-25,monthly,0.6
https://vediums.com/blog/ioruba/vocabulario-de-relacoes-sociais-em-ioruba-comunidade-e-respeito,2026-07-25,monthly,0.6
https://vediums.com/blog/vocabulario-de-relacoes-sociais-em-ioruba-comunidade-e-respeito,2026-07-25,monthly,0.6
https://vediums.com/blog/ple-ru-077,2026-07-25,monthly,0.6
https://vediums.com/en/blog/brazilian-portuguese/how-to-use-live-classes-to-gain-speaking-confidence,2026-07-25,monthly,0.6
https://vediums.com/blog/how-to-use-live-classes-to-gain-speaking-confidence,2026-07-25,monthly,0.6
https://vediums.com/blog/ingles/como-combinar-leitura-escuta-fala-e-escrita-no-mesmo-plano,2026-07-25,monthly,0.6
https://vediums.com/blog/como-combinar-leitura-escuta-fala-e-escrita-no-mesmo-plano,2026-07-25,monthly,0.6
https://vediums.com/blog/ioruba/como-usar-perguntas-culturais-para-aprofundar-a-aula,2026-07-25,monthly,0.6
https://vediums.com/blog/como-usar-perguntas-culturais-para-aprofundar-a-aula,2026-07-25,monthly,0.6
https://vediums.com/es/blog/portugues-brasileno/portugues-brasileno-para-llegar-a-brasil-preparado,2026-07-25,monthly,0.6
https://vediums.com/blog/portugues-brasileno-para-llegar-a-brasil-preparado,2026-07-25,monthly,0.6
https://vediums.com/en/blog/brazilian-portuguese/brazilian-portuguese-for-cultural-adaptation-in-the-first-90-days,2026-07-25,monthly,0.6
https://vediums.com/blog/brazilian-portuguese-for-cultural-adaptation-in-the-first-90-days,2026-07-25,monthly,0.6
https://vediums.com/blog/ingles/como-escrever-mensagens-curtas-e-claras-em-ingles-corporativo,2026-07-25,monthly,0.6
https://vediums.com/blog/como-escrever-mensagens-curtas-e-claras-em-ingles-corporativo,2026-07-25,monthly,0.6
https://vediums.com/blog/ioruba/o-papel-do-professor-qualificado-no-ensino-de-ioruba,2026-07-25,monthly,0.6
https://vediums.com/blog/o-papel-do-professor-qualificado-no-ensino-de-ioruba,2026-07-25,monthly,0.6
https://vediums.com/blog/brasilianisches-portugiesisch-fur-fuhrungskrafte-und-manager,2026-07-25,monthly,0.6
https://vediums.com/blog/aprender-ioruba-lingua-e-cultura,2026-07-25,monthly,0.6
https://vediums.com/en/blog/brazilian-portuguese/how-to-sound-natural-when-saying-yes-no-and-maybe-in-portuguese,2026-07-25,monthly,0.6
https://vediums.com/blog/how-to-sound-natural-when-saying-yes-no-and-maybe-in-portuguese,2026-07-25,monthly,0.6
https://vediums.com/blog/ingles/ingles-para-conversas-por-telefone-e-chamadas-de-video,2026-07-25,monthly,0.6
https://vediums.com/blog/ingles-para-conversas-por-telefone-e-chamadas-de-video,2026-07-25,monthly,0.6
https://vediums.com/blog/ioruba/como-manter-constancia-no-estudo-de-uma-lingua-de-heranca,2026-07-25,monthly,0.6
https://vediums.com/blog/como-manter-constancia-no-estudo-de-uma-lingua-de-heranca,2026-07-25,monthly,0.6
https://vediums.com/blog/portugais-du-bresil-pour-familles-qui-s-installent-au-bresil,2026-07-25,monthly,0.6
https://vediums.com/en/blog/brazilian-portuguese/portuguese-for-everyday-bureaucracy-in-brazil,2026-07-25,monthly,0.6
https://vediums.com/blog/portuguese-for-everyday-bureaucracy-in-brazil,2026-07-25,monthly,0.6
https://vediums.com/blog/ingles/como-evitar-a-estagnacao-no-nivel-intermediario-de-ingles,2026-07-25,monthly,0.6
https://vediums.com/en/blog/brazilian-portuguese/how-to-learn-portuguese-for-brazil-when-you-already-speak-another-romance-language,2026-07-25,monthly,0.6
https://vediums.com/blog/hebraico/como-funciona-a-alfabetizacao-em-hebraico-do-zero,2026-07-25,monthly,0.6
https://vediums.com/en/blog/brazilian-portuguese/how-to-learn-brazilian-portuguese-without-relying-only-on-apps,2026-07-25,monthly,0.6
https://vediums.com/blog/ingles/ingles-para-apresentacao-profissional-em-dois-minutos,2026-07-25,monthly,0.6
https://vediums.com/blog/ioruba/palavras-iorubas-presentes-na-cultura-afro-brasileira,2026-07-25,monthly,0.6
https://vediums.com/es/blog/portugues-brasileno/portugues-brasileno-para-trabajar-y-vivir-en-brasil,2026-07-25,monthly,0.6
https://vediums.com/en/blog/brazilian-portuguese/portuguese-for-remote-workers-living-in-brazil,2026-07-25,monthly,0.6
https://vediums.com/blog/ingles/quando-usar-do-does-e-did-sem-confundir-na-conversa,2026-07-25,monthly,0.6
https://vediums.com/blog/ioruba/como-perguntar-nome-origem-e-bem-estar-em-ioruba,2026-07-25,monthly,0.6
https://vediums.com/blog/brasilianisches-portugiesisch-fur-beruf-und-alltag-in-brasilien,2026-07-25,monthly,0.6
https://vediums.com/en/blog/brazilian-portuguese/how-to-handle-small-talk-with-brazilians-in-portuguese,2026-07-25,monthly,0.6
https://vediums.com/blog/ingles/como-estudar-phrasal-verbs-sem-decorar-listas-infinitas,2026-07-25,monthly,0.6
https://vediums.com/blog/ioruba/dias-da-semana-e-expressoes-de-tempo-em-ioruba,2026-07-25,monthly,0.6
https://vediums.com/blog/espanhol/falsos-cognatos-em-espanhol-que-mais-confundem-brasileiros,2026-07-25,monthly,0.6
https://vediums.com/en/blog/brazilian-portuguese/portuguese-for-ride-apps-taxis-and-public-transportation-in-brazil,2026-07-25,monthly,0.6
https://vediums.com/blog/ingles/ingles-para-atendimento-ao-cliente-expressoes-educadas-e-naturais,2026-07-25,monthly,0.6
https://vediums.com/blog/ioruba/numeros-em-ioruba-logica-uso-e-pratica-inicial,2026-07-25,monthly,0.6
https://vediums.com/en/blog/brazilian-portuguese/brazilian-portuguese-for-international-students-choosing-a-city-in-brazil,2026-07-25,monthly,0.6
https://vediums.com/en/blog/brazilian-portuguese/how-to-order-food-in-brazil-with-confidence,2026-07-25,monthly,0.6
https://vediums.com/blog/ingles/como-usar-shadowing-sem-copiar-sotaque-de-forma-artificial,2026-07-25,monthly,0.6
https://vediums.com/blog/ioruba/vocabulario-de-familia-em-ioruba-e-seu-valor-cultural,2026-07-25,monthly,0.6
https://vediums.com/blog/ple-zh-012,2026-07-25,monthly,0.6
https://vediums.com/en/blog/brazilian-portuguese/brazilian-portuguese-pronunciation-sounds-that-confuse-english-speakers,2026-07-25,monthly,0.6
https://vediums.com/blog/ingles/por-que-brasileiros-entendem-ingles-escrito-mas-travam-na-fala,2026-07-25,monthly,0.6
https://vediums.com/blog/hebraico/hebraico-moderno-x-hebraico-biblico-entenda-a-diferenca,2026-07-25,monthly,0.6
https://vediums.com/blog/ple-ru-011,2026-07-25,monthly,0.6
https://vediums.com/en/blog/brazilian-portuguese/how-to-introduce-yourself-professionally-in-brazilian-portuguese,2026-07-25,monthly,0.6
https://vediums.com/blog/ingles/ingles-para-viagem-vocabulario-essencial-para-aeroporto-e-hotel,2026-07-25,monthly,0.6
https://vediums.com/blog/ioruba/erros-comuns-de-pronuncia-que-alteram-palavras-em-ioruba,2026-07-25,monthly,0.6
https://vediums.com/es/blog/portugues-brasileno/aprender-portugues-de-brasil-con-clases-en-vivo-y-practica-real,2026-07-25,monthly,0.6
https://vediums.com/en/blog/brazilian-portuguese/portuguese-for-work-meetings-in-brazil-first-phrases-to-master,2026-07-25,monthly,0.6
https://vediums.com/blog/ingles/como-sair-do-verbo-to-be-e-comecar-a-formar-frases-uteis,2026-07-25,monthly,0.6
https://vediums.com/blog/portugiesisch-fur-brasilien-mit-live-unterricht-lernen,2026-07-25,monthly,0.6
https://vediums.com/en/blog/brazilian-portuguese/how-to-understand-brazilian-addresses-neighborhoods-and-directions,2026-07-25,monthly,0.6
https://vediums.com/blog/espanhol/por-que-brasileiro-entende-espanhol-mas-trava-para-falar,2026-07-25,monthly,0.6
https://vediums.com/blog/ioruba/como-ouvir-cantigas-em-ioruba-com-mais-atencao-ao-significado,2026-07-25,monthly,0.6
https://vediums.com/blog/apprendre-le-portugais-du-bresil-avec-des-cours-en-direct,2026-07-25,monthly,0.6
https://vediums.com/en/blog/brazilian-portuguese/brazilian-portuguese-for-doctors-clinics-and-emergencies,2026-07-25,monthly,0.6
https://vediums.com/blog/ingles/ingles-para-reunioes-frases-para-participar-sem-travar,2026-07-25,monthly,0.6
https://vediums.com/blog/ioruba/o-papel-da-oralidade-no-aprendizado-do-ioruba,2026-07-25,monthly,0.6
https://vediums.com/en/blog/brazilian-portuguese/learn-portuguese-for-brazil-through-cultural-situations-not-isolated-grammar,2026-07-25,monthly,0.6
https://vediums.com/en/blog/brazilian-portuguese/portuguese-for-opening-a-bank-account-in-brazil,2026-07-25,monthly,0.6
https://vediums.com/blog/ingles/como-melhorar-o-listening-usando-situacoes-reais-do-trabalho,2026-07-25,monthly,0.6
https://vediums.com/blog/ingles/ingles-para-entrevista-de-emprego-perguntas-e-respostas-que-voce-precisa-treinar,2026-07-25,monthly,0.6
https://vediums.com/en/blog/brazilian-portuguese/brazilian-portuguese-for-supermarket-pharmacy-and-daily-errands,2026-07-25,monthly,0.6
https://vediums.com/blog/ingles/os-erros-que-travam-brasileiros-no-ingles-basico,2026-07-25,monthly,0.6
https://vediums.com/blog/ioruba/alfabeto-ioruba-sons-marcas-e-primeiras-leituras,2026-07-25,monthly,0.6
https://vediums.com/es/blog/portugues-brasileno/portugues-brasileno-para-hispanohablantes-errores-que-parecen-pequenos,2026-07-25,monthly,0.6
https://vediums.com/en/blog/brazilian-portuguese/portuguese-for-renting-an-apartment-in-brazil,2026-07-25,monthly,0.6
https://vediums.com/blog/ingles/como-criar-uma-rotina-de-estudo-de-ingles-com-pouco-tempo-por-semana,2026-07-25,monthly,0.6
https://vediums.com/blog/ioruba/primeiras-saudacoes-em-ioruba-para-aprender-com-respeito,2026-07-25,monthly,0.6
https://vediums.com/blog/primeiras-saudacoes-em-ioruba-para-aprender-com-respeito,2026-07-25,monthly,0.6
https://vediums.com/blog/brasilianisches-portugiesisch-fur-auswanderer-die-wichtigsten-grundlagen,2026-07-25,monthly,0.6
https://vediums.com/en/blog/brazilian-portuguese/how-to-greet-people-in-brazil-without-sounding-too-formal,2026-07-25,monthly,0.6
https://vediums.com/blog/how-to-greet-people-in-brazil-without-sounding-too-formal,2026-07-25,monthly,0.6
https://vediums.com/blog/ingles/ingles-ao-vivo-ou-gravado-o-que-muda-na-evolucao-do-speaking,2026-07-25,monthly,0.6
https://vediums.com/blog/ingles-ao-vivo-ou-gravado-o-que-muda-na-evolucao-do-speaking,2026-07-25,monthly,0.6
https://vediums.com/blog/ioruba/como-os-tons-mudam-o-significado-das-palavras-em-ioruba,2026-07-25,monthly,0.6
https://vediums.com/blog/como-os-tons-mudam-o-significado-das-palavras-em-ioruba,2026-07-25,monthly,0.6
https://vediums.com/blog/portugais-bresilien-pour-expatries-les-bases-avant-de-vivre-au-bresil,2026-07-25,monthly,0.6
https://vediums.com/en/blog/brazilian-portuguese/brazilian-portuguese-for-expats-what-to-learn-before-your-first-month-in-brazil,2026-07-25,monthly,0.6
https://vediums.com/blog/brazilian-portuguese-for-expats-what-to-learn-before-your-first-month-in-brazil,2026-07-25,monthly,0.6
https://vediums.com/blog/ingles/como-saber-seu-nivel-real-de-ingles-antes-de-escolher-um-curso,2026-07-25,monthly,0.6
https://vediums.com/blog/como-saber-seu-nivel-real-de-ingles-antes-de-escolher-um-curso,2026-07-25,monthly,0.6
https://vediums.com/blog/ioruba/o-que-e-o-idioma-ioruba-e-por-que-ele-carrega-cultura-e-memoria,2026-07-25,monthly,0.6
https://vediums.com/blog/o-que-e-o-idioma-ioruba-e-por-que-ele-carrega-cultura-e-memoria,2026-07-25,monthly,0.6
https://vediums.com/en/blog/brazilian-portuguese/brazilian-portuguese-for-relocation-teams-what-employees-need-before-arrival,2026-07-25,monthly,0.6
https://vediums.com/blog/brazilian-portuguese-for-relocation-teams-what-employees-need-before-arrival,2026-07-25,monthly,0.6
