current_url,new_url,status_current,action,redirect_code,target_url,current_title,new_title,canonical,cluster,pillar,language,published_at_original,published_at_audit,date_conflict,index_status,notes
/blog/alfabeto-ioruba,/blog/alfabeto-ioruba,LIVE (ver nota de verificação em 24-blog-source-of-truth.md),KEEP EXACT,,,"Alfabeto iorubá: as 25 letras, vogais e tons (guia para iniciantes)","Alfabeto iorubá: as 25 letras, vogais e tons (guia para iniciantes)",/blog/alfabeto-ioruba,Iorubá,REVIEW: pilar não identificado,REVIEW: idioma não confirmado,2026-06-30,,NO,index (não verificado individualmente por robots/sitemap nesta sessão),"Sem correspondência direta na auditoria de 94 (Publicados_Auditoria) -- não cruzado, confiar apenas no dado do código."
/blog/saudacoes-em-ioruba,/blog/saudacoes-em-ioruba,LIVE (ver nota de verificação em 24-blog-source-of-truth.md),KEEP EXACT,,,"Saudações em iorubá: como cumprimentar (bom dia, obrigado e mais)","Saudações em iorubá: como cumprimentar (bom dia, obrigado e mais)",/blog/saudacoes-em-ioruba,Iorubá,REVIEW: pilar não identificado,REVIEW: idioma não confirmado,2026-06-30,,NO,index (não verificado individualmente por robots/sitemap nesta sessão),"Sem correspondência direta na auditoria de 94 (Publicados_Auditoria) -- não cruzado, confiar apenas no dado do código."
/blog/numeros-em-ioruba,/blog/numeros-em-ioruba,LIVE (ver nota de verificação em 24-blog-source-of-truth.md),KEEP EXACT,,,Números em iorubá de 1 a 20: como contar (e a lógica de base 20),Números em iorubá de 1 a 20: como contar (e a lógica de base 20),/blog/numeros-em-ioruba,Iorubá,REVIEW: pilar não identificado,REVIEW: idioma não confirmado,2026-06-30,,NO,index (não verificado individualmente por robots/sitemap nesta sessão),"Sem correspondência direta na auditoria de 94 (Publicados_Auditoria) -- não cruzado, confiar apenas no dado do código."
/blog/aprender-ioruba-lingua-e-cultura,/blog/aprender-ioruba-lingua-e-cultura,LIVE (ver nota de verificação em 24-blog-source-of-truth.md),KEEP EXACT,,,Iorubá: conheça o idioma e por que aprendê-lo,Iorubá: conheça o idioma e por que aprendê-lo,/blog/aprender-ioruba-lingua-e-cultura,Iorubá,REVIEW: pilar não identificado,REVIEW: idioma não confirmado,2026-06-02,,NO,index (não verificado individualmente por robots/sitemap nesta sessão),"Sem correspondência direta na auditoria de 94 (Publicados_Auditoria) -- não cruzado, confiar apenas no dado do código."
/blog/yoruba-alphabet-guide,/blog/yoruba-alphabet-guide,LIVE (ver nota de verificação em 24-blog-source-of-truth.md),KEEP EXACT,,,"Yoruba alphabet: the 25 letters, vowels and tones (a beginner's guide)","Yoruba alphabet: the 25 letters, vowels and tones (a beginner's guide)",/blog/yoruba-alphabet-guide,Yoruba,REVIEW: pilar não identificado,REVIEW: idioma não confirmado,2026-07-02,,NO,index (não verificado individualmente por robots/sitemap nesta sessão),"Sem correspondência direta na auditoria de 94 (Publicados_Auditoria) -- não cruzado, confiar apenas no dado do código."
/blog/yoruba-greetings,/blog/yoruba-greetings,LIVE (ver nota de verificação em 24-blog-source-of-truth.md),KEEP EXACT,,,"Yoruba greetings: how to say good morning, thank you and more","Yoruba greetings: how to say good morning, thank you and more",/blog/yoruba-greetings,Yoruba,REVIEW: pilar não identificado,REVIEW: idioma não confirmado,2026-07-02,,NO,index (não verificado individualmente por robots/sitemap nesta sessão),"Sem correspondência direta na auditoria de 94 (Publicados_Auditoria) -- não cruzado, confiar apenas no dado do código."
/blog/yoruba-numbers-1-to-20,/blog/yoruba-numbers-1-to-20,LIVE (ver nota de verificação em 24-blog-source-of-truth.md),KEEP EXACT,,,Yoruba numbers 1 to 20: how to count (and the base-20 logic),Yoruba numbers 1 to 20: how to count (and the base-20 logic),/blog/yoruba-numbers-1-to-20,Yoruba,REVIEW: pilar não identificado,REVIEW: idioma não confirmado,2026-07-02,,NO,index (não verificado individualmente por robots/sitemap nesta sessão),"Sem correspondência direta na auditoria de 94 (Publicados_Auditoria) -- não cruzado, confiar apenas no dado do código."
/blog/yoruba-language-and-culture,/blog/yoruba-language-and-culture,LIVE (ver nota de verificação em 24-blog-source-of-truth.md),KEEP EXACT,,,Yoruba: get to know the language and why you should learn it,Yoruba: get to know the language and why you should learn it,/blog/yoruba-language-and-culture,Yoruba,REVIEW: pilar não identificado,REVIEW: idioma não confirmado,2026-07-02,,NO,index (não verificado individualmente por robots/sitemap nesta sessão),"Sem correspondência direta na auditoria de 94 (Publicados_Auditoria) -- não cruzado, confiar apenas no dado do código."
/blog/ingles/como-saber-seu-nivel-real-de-ingles-antes-de-escolher-um-curso,/blog/ingles/como-saber-seu-nivel-real-de-ingles-antes-de-escolher-um-curso,LIVE (ver nota de verificação em 24-blog-source-of-truth.md),KEEP EXACT,301,/blog/ingles/como-saber-seu-nivel-real-de-ingles-antes-de-escolher-um-curso,Como saber seu nível real de inglês antes de escolher um curso,Como saber seu nível real de inglês antes de escolher um curso,/blog/ingles/como-saber-seu-nivel-real-de-ingles-antes-de-escolher-um-curso,Inglês,/curso-de-ingles-online,pt-BR,2025-01-06,2025-01-06,NO,index (não verificado individualmente por robots/sitemap nesta sessão),
/blog/ingles/ingles-ao-vivo-ou-gravado-o-que-muda-na-evolucao-do-speaking,/blog/ingles/ingles-ao-vivo-ou-gravado-o-que-muda-na-evolucao-do-speaking,LIVE (ver nota de verificação em 24-blog-source-of-truth.md),KEEP EXACT,301,/blog/ingles/ingles-ao-vivo-ou-gravado-o-que-muda-na-evolucao-do-speaking,Inglês ao vivo ou gravado: o que muda na evolução do speaking,Inglês ao vivo ou gravado: o que muda na evolução do speaking,/blog/ingles/ingles-ao-vivo-ou-gravado-o-que-muda-na-evolucao-do-speaking,Inglês,/curso-de-ingles-online,pt-BR,2025-01-13,2025-01-13,NO,index (não verificado individualmente por robots/sitemap nesta sessão),
/blog/ingles/como-combinar-leitura-escuta-fala-e-escrita-no-mesmo-plano,/blog/ingles/como-combinar-leitura-escuta-fala-e-escrita-no-mesmo-plano,LIVE (ver nota de verificação em 24-blog-source-of-truth.md),KEEP EXACT,301,/blog/ingles/como-combinar-leitura-escuta-fala-e-escrita-no-mesmo-plano,"Como combinar leitura, escuta, fala e escrita no mesmo plano","Como combinar leitura, escuta, fala e escrita no mesmo plano",/blog/ingles/como-combinar-leitura-escuta-fala-e-escrita-no-mesmo-plano,Inglês,/curso-de-ingles-online,pt-BR,2026-06-15,2026-06-15,NO,index (não verificado individualmente por robots/sitemap nesta sessão),
/blog/ingles/ingles-para-quem-quer-estudar-fora-vocabulario-academico-inicial,/blog/ingles/ingles-para-quem-quer-estudar-fora-vocabulario-academico-inicial,LIVE (ver nota de verificação em 24-blog-source-of-truth.md),KEEP EXACT,301,/blog/ingles/ingles-para-quem-quer-estudar-fora-vocabulario-academico-inicial,Inglês para quem quer estudar fora: vocabulário acadêmico inicial,Inglês para quem quer estudar fora: vocabulário acadêmico inicial,/blog/ingles/ingles-para-quem-quer-estudar-fora-vocabulario-academico-inicial,Inglês,/curso-de-ingles-online,pt-BR,2026-06-22,2026-06-22,NO,index (não verificado individualmente por robots/sitemap nesta sessão),
/blog/ingles/como-a-pratica-constante-supera-maratonas-de-estudo-em-ingles,/blog/ingles/como-a-pratica-constante-supera-maratonas-de-estudo-em-ingles,LIVE (ver nota de verificação em 24-blog-source-of-truth.md),KEEP EXACT,301,/blog/ingles/como-a-pratica-constante-supera-maratonas-de-estudo-em-ingles,Como a prática constante supera maratonas de estudo em inglês,Como a prática constante supera maratonas de estudo em inglês,/blog/ingles/como-a-pratica-constante-supera-maratonas-de-estudo-em-ingles,Inglês,/curso-de-ingles-online,pt-BR,2026-06-29,2026-06-29,NO,index (não verificado individualmente por robots/sitemap nesta sessão),
/blog/ingles/como-escrever-mensagens-curtas-e-claras-em-ingles-corporativo,/blog/ingles/como-escrever-mensagens-curtas-e-claras-em-ingles-corporativo,LIVE (ver nota de verificação em 24-blog-source-of-truth.md),KEEP EXACT,301,/blog/ingles/como-escrever-mensagens-curtas-e-claras-em-ingles-corporativo,Como escrever mensagens curtas e claras em inglês corporativo,Como escrever mensagens curtas e claras em inglês corporativo,/blog/ingles/como-escrever-mensagens-curtas-e-claras-em-ingles-corporativo,Inglês,/curso-de-ingles-online,pt-BR,2026-06-08,2026-06-08,NO,index (não verificado individualmente por robots/sitemap nesta sessão),
/blog/ingles/ingles-para-conversas-por-telefone-e-chamadas-de-video,/blog/ingles/ingles-para-conversas-por-telefone-e-chamadas-de-video,LIVE (ver nota de verificação em 24-blog-source-of-truth.md),KEEP EXACT,301,/blog/ingles/ingles-para-conversas-por-telefone-e-chamadas-de-video,Inglês para conversas por telefone e chamadas de vídeo: Guia Prático de Fluência,Inglês para conversas por telefone e chamadas de vídeo: Guia Prático de Fluência,/blog/ingles/ingles-para-conversas-por-telefone-e-chamadas-de-video,Inglês,REVIEW: pilar não identificado,REVIEW: idioma não confirmado,2026-06-01,,NO,index (não verificado individualmente por robots/sitemap nesta sessão),"Sem correspondência direta na auditoria de 94 (Publicados_Auditoria) -- não cruzado, confiar apenas no dado do código."
/blog/ioruba/o-papel-do-professor-qualificado-no-ensino-de-ioruba,/blog/ioruba/o-papel-do-professor-qualificado-no-ensino-de-ioruba,LIVE (ver nota de verificação em 24-blog-source-of-truth.md),KEEP EXACT,301,/blog/ioruba/o-papel-do-professor-qualificado-no-ensino-de-ioruba,O papel do professor qualificado no ensino de iorubá,O papel do professor qualificado no ensino de iorubá,/blog/ioruba/o-papel-do-professor-qualificado-no-ensino-de-ioruba,Iorubá,/curso-de-ioruba-online,pt-BR,2026-06-05,2026-06-05,NO,index (não verificado individualmente por robots/sitemap nesta sessão),
/blog/ioruba/como-avaliar-se-um-conteudo-de-ioruba-e-serio-e-responsavel,/blog/ioruba/como-avaliar-se-um-conteudo-de-ioruba-e-serio-e-responsavel,LIVE (ver nota de verificação em 24-blog-source-of-truth.md),KEEP EXACT,301,/blog/ioruba/como-avaliar-se-um-conteudo-de-ioruba-e-serio-e-responsavel,Como avaliar se um conteúdo de iorubá é sério e responsável,Como avaliar se um conteúdo de iorubá é sério e responsável,/blog/ioruba/como-avaliar-se-um-conteudo-de-ioruba-e-serio-e-responsavel,Iorubá,/curso-de-ioruba-online,pt-BR,2026-06-26,2026-06-26,NO,index (não verificado individualmente por robots/sitemap nesta sessão),
/blog/ioruba/como-manter-constancia-no-estudo-de-uma-lingua-de-heranca,/blog/ioruba/como-manter-constancia-no-estudo-de-uma-lingua-de-heranca,LIVE (ver nota de verificação em 24-blog-source-of-truth.md),KEEP EXACT,301,/blog/ioruba/como-manter-constancia-no-estudo-de-uma-lingua-de-heranca,Como manter constância no estudo de uma língua de herança,Como manter constância no estudo de uma língua de herança,/blog/ioruba/como-manter-constancia-no-estudo-de-uma-lingua-de-heranca,Iorubá,/curso-de-ioruba-online,pt-BR,2026-05-29,2026-05-29,NO,index (não verificado individualmente por robots/sitemap nesta sessão),
/blog/ioruba/como-os-tons-mudam-o-significado-das-palavras-em-ioruba,/blog/ioruba/como-os-tons-mudam-o-significado-das-palavras-em-ioruba,LIVE (ver nota de verificação em 24-blog-source-of-truth.md),KEEP EXACT,301,/blog/ioruba/como-os-tons-mudam-o-significado-das-palavras-em-ioruba,Como os tons mudam o significado das palavras em iorubá,Como os tons mudam o significado das palavras em iorubá,/blog/ioruba/como-os-tons-mudam-o-significado-das-palavras-em-ioruba,Iorubá,/curso-de-ioruba-online,pt-BR,2025-01-10,2025-01-10,NO,index (não verificado individualmente por robots/sitemap nesta sessão),
/blog/ioruba/como-usar-perguntas-culturais-para-aprofundar-a-aula,/blog/ioruba/como-usar-perguntas-culturais-para-aprofundar-a-aula,LIVE (ver nota de verificação em 24-blog-source-of-truth.md),KEEP EXACT,301,/blog/ioruba/como-usar-perguntas-culturais-para-aprofundar-a-aula,Como usar perguntas culturais para aprofundar a aula,Como usar perguntas culturais para aprofundar a aula,/blog/ioruba/como-usar-perguntas-culturais-para-aprofundar-a-aula,Iorubá,/curso-de-ioruba-online,pt-BR,2026-06-12,2026-06-12,NO,index (não verificado individualmente por robots/sitemap nesta sessão),
/blog/ioruba/o-que-e-o-idioma-ioruba-e-por-que-ele-carrega-cultura-e-memoria,/blog/ioruba/o-que-e-o-idioma-ioruba-e-por-que-ele-carrega-cultura-e-memoria,LIVE (ver nota de verificação em 24-blog-source-of-truth.md),KEEP EXACT,301,/blog/ioruba/o-que-e-o-idioma-ioruba-e-por-que-ele-carrega-cultura-e-memoria,O que é o idioma iorubá e por que ele carrega cultura e memória,O que é o idioma iorubá e por que ele carrega cultura e memória,/blog/ioruba/o-que-e-o-idioma-ioruba-e-por-que-ele-carrega-cultura-e-memoria,Iorubá,/curso-de-ioruba-online,pt-BR,2025-01-03,2025-01-03,NO,index (não verificado individualmente por robots/sitemap nesta sessão),
/blog/ioruba/plano-de-30-dias-para-comecar-ioruba-com-base-solida,/blog/ioruba/plano-de-30-dias-para-comecar-ioruba-com-base-solida,LIVE (ver nota de verificação em 24-blog-source-of-truth.md),KEEP EXACT,301,/blog/ioruba/plano-de-30-dias-para-comecar-ioruba-com-base-solida,Plano de 30 dias para começar iorubá com base sólida,Plano de 30 dias para começar iorubá com base sólida,/blog/ioruba/plano-de-30-dias-para-comecar-ioruba-com-base-solida,Iorubá,/curso-de-ioruba-online,pt-BR,2026-07-03,2026-07-03,NO,index (não verificado individualmente por robots/sitemap nesta sessão),
/blog/ioruba/primeiras-saudacoes-em-ioruba-para-aprender-com-respeito,/blog/ioruba/primeiras-saudacoes-em-ioruba-para-aprender-com-respeito,LIVE (ver nota de verificação em 24-blog-source-of-truth.md),KEEP EXACT,301,/blog/ioruba/primeiras-saudacoes-em-ioruba-para-aprender-com-respeito,Primeiras saudações em iorubá para aprender com respeito,Primeiras saudações em iorubá para aprender com respeito,/blog/ioruba/primeiras-saudacoes-em-ioruba-para-aprender-com-respeito,Iorubá,/curso-de-ioruba-online,pt-BR,2025-01-17,2025-01-17,NO,index (não verificado individualmente por robots/sitemap nesta sessão),
/blog/ioruba/vocabulario-de-relacoes-sociais-em-ioruba-comunidade-e-respeito,/blog/ioruba/vocabulario-de-relacoes-sociais-em-ioruba-comunidade-e-respeito,LIVE (ver nota de verificação em 24-blog-source-of-truth.md),KEEP EXACT,301,/blog/ioruba/vocabulario-de-relacoes-sociais-em-ioruba-comunidade-e-respeito,Vocabulário de relações sociais em iorubá: comunidade e respeito,Vocabulário de relações sociais em iorubá: comunidade e respeito,/blog/ioruba/vocabulario-de-relacoes-sociais-em-ioruba-comunidade-e-respeito,Iorubá,/curso-de-ioruba-online,pt-BR,2026-06-19,2026-06-19,NO,index (não verificado individualmente por robots/sitemap nesta sessão),
/blog/brazilian-portuguese/brazilian-portuguese-for-relocation-teams-what-employees-need-before-arrival,/blog/brazilian-portuguese/brazilian-portuguese-for-relocation-teams-what-employees-need-before-arrival,LIVE (ver nota de verificação em 24-blog-source-of-truth.md),KEEP EXACT,301,/blog/brazilian-portuguese/brazilian-portuguese-for-relocation-teams-what-employees-need-before-arrival,Brazilian Portuguese for relocation teams: what employees need before arrival,Brazilian Portuguese for relocation teams: what employees need before arrival,/blog/brazilian-portuguese/brazilian-portuguese-for-relocation-teams-what-employees-need-before-arrival,"PLE (multilíngue -- frente congelada, ver Diagnóstico)","REVIEW: planilha cita /en/brazilian-portuguese-course-online, não confirmado por HTTP nesta sessão",en-US,2025-01-01,2025-01-01,NO,index (não verificado individualmente por robots/sitemap nesta sessão),
/blog/brazilian-portuguese/brazilian-portuguese-for-expats-what-to-learn-before-your-first-month-in-brazil,/blog/brazilian-portuguese/brazilian-portuguese-for-expats-what-to-learn-before-your-first-month-in-brazil,LIVE (ver nota de verificação em 24-blog-source-of-truth.md),KEEP EXACT,301,/blog/brazilian-portuguese/brazilian-portuguese-for-expats-what-to-learn-before-your-first-month-in-brazil,Brazilian Portuguese for expats: what to learn before your first month in Brazil,Brazilian Portuguese for expats: what to learn before your first month in Brazil,/blog/brazilian-portuguese/brazilian-portuguese-for-expats-what-to-learn-before-your-first-month-in-brazil,PLE (inglês),"REVIEW: planilha cita /en/brazilian-portuguese-course-online, não confirmado por HTTP nesta sessão",en-US,2025-01-07,2025-01-07,NO,index (não verificado individualmente por robots/sitemap nesta sessão),
/blog/brazilian-portuguese/brazilian-portuguese-for-cultural-adaptation-in-the-first-90-days,/blog/brazilian-portuguese/brazilian-portuguese-for-cultural-adaptation-in-the-first-90-days,LIVE (ver nota de verificação em 24-blog-source-of-truth.md),KEEP EXACT,301,/blog/brazilian-portuguese/brazilian-portuguese-for-cultural-adaptation-in-the-first-90-days,Título SEO: Brazilian Portuguese for Cultural Adaptation: Your First 90 Days in Brazil,Título SEO: Brazilian Portuguese for Cultural Adaptation: Your First 90 Days in Brazil,/blog/brazilian-portuguese/brazilian-portuguese-for-cultural-adaptation-in-the-first-90-days,Brazilian Portuguese,REVIEW: pilar não identificado,REVIEW: idioma não confirmado,2026-06-09,,NO,index (não verificado individualmente por robots/sitemap nesta sessão),"Sem correspondência direta na auditoria de 94 (Publicados_Auditoria) -- não cruzado, confiar apenas no dado do código."
/blog/brazilian-portuguese/portuguese-for-everyday-bureaucracy-in-brazil,/blog/brazilian-portuguese/portuguese-for-everyday-bureaucracy-in-brazil,LIVE (ver nota de verificação em 24-blog-source-of-truth.md),KEEP EXACT,301,/blog/brazilian-portuguese/portuguese-for-everyday-bureaucracy-in-brazil,Portuguese for everyday bureaucracy in Brazil: Your survival guide,Portuguese for everyday bureaucracy in Brazil: Your survival guide,/blog/brazilian-portuguese/portuguese-for-everyday-bureaucracy-in-brazil,Brazilian Portuguese,REVIEW: pilar não identificado,REVIEW: idioma não confirmado,2026-05-26,,NO,index (não verificado individualmente por robots/sitemap nesta sessão),"Sem correspondência direta na auditoria de 94 (Publicados_Auditoria) -- não cruzado, confiar apenas no dado do código."
/blog/brazilian-portuguese/how-to-sound-natural-when-saying-yes-no-and-maybe-in-portuguese,/blog/brazilian-portuguese/how-to-sound-natural-when-saying-yes-no-and-maybe-in-portuguese,LIVE (ver nota de verificação em 24-blog-source-of-truth.md),KEEP EXACT,301,/blog/brazilian-portuguese/how-to-sound-natural-when-saying-yes-no-and-maybe-in-portuguese,"How to sound natural when saying yes, no and maybe in Portuguese","How to sound natural when saying yes, no and maybe in Portuguese",/blog/brazilian-portuguese/how-to-sound-natural-when-saying-yes-no-and-maybe-in-portuguese,PLE (inglês),"REVIEW: planilha cita /en/brazilian-portuguese-course-online, não confirmado por HTTP nesta sessão",en-US,2026-06-02,2026-06-02,NO,index (não verificado individualmente por robots/sitemap nesta sessão),
/blog/brazilian-portuguese/how-to-ask-better-questions-in-brazilian-portuguese,/blog/brazilian-portuguese/how-to-ask-better-questions-in-brazilian-portuguese,LIVE (ver nota de verificação em 24-blog-source-of-truth.md),KEEP EXACT,301,/blog/brazilian-portuguese/how-to-ask-better-questions-in-brazilian-portuguese,How to ask better questions in Brazilian Portuguese,How to ask better questions in Brazilian Portuguese,/blog/brazilian-portuguese/how-to-ask-better-questions-in-brazilian-portuguese,PLE (inglês),"REVIEW: planilha cita /en/brazilian-portuguese-course-online, não confirmado por HTTP nesta sessão",en-US,2026-06-30,2026-06-30,NO,index (não verificado individualmente por robots/sitemap nesta sessão),
/blog/brazilian-portuguese/how-to-greet-people-in-brazil-without-sounding-too-formal,/blog/brazilian-portuguese/how-to-greet-people-in-brazil-without-sounding-too-formal,LIVE (ver nota de verificação em 24-blog-source-of-truth.md),KEEP EXACT,301,/blog/brazilian-portuguese/how-to-greet-people-in-brazil-without-sounding-too-formal,How to greet people in Brazil without sounding too formal,How to greet people in Brazil without sounding too formal,/blog/brazilian-portuguese/how-to-greet-people-in-brazil-without-sounding-too-formal,PLE (inglês),"REVIEW: planilha cita /en/brazilian-portuguese-course-online, não confirmado por HTTP nesta sessão",en-US,2025-01-14,2025-01-14,NO,index (não verificado individualmente por robots/sitemap nesta sessão),
/blog/brazilian-portuguese/how-to-use-live-classes-to-gain-speaking-confidence,/blog/brazilian-portuguese/how-to-use-live-classes-to-gain-speaking-confidence,LIVE (ver nota de verificação em 24-blog-source-of-truth.md),KEEP EXACT,301,/blog/brazilian-portuguese/how-to-use-live-classes-to-gain-speaking-confidence,How to use live classes to gain speaking confidence,How to use live classes to gain speaking confidence,/blog/brazilian-portuguese/how-to-use-live-classes-to-gain-speaking-confidence,PLE (inglês),"REVIEW: planilha cita /en/brazilian-portuguese-course-online, não confirmado por HTTP nesta sessão",en-US,2026-06-16,2026-06-16,NO,index (não verificado individualmente por robots/sitemap nesta sessão),
/blog/brazilian-portuguese/portuguese-for-airport-arrival-and-first-hotel-check-in,/blog/brazilian-portuguese/portuguese-for-airport-arrival-and-first-hotel-check-in,LIVE (ver nota de verificação em 24-blog-source-of-truth.md),KEEP EXACT,301,/blog/brazilian-portuguese/portuguese-for-airport-arrival-and-first-hotel-check-in,Portuguese for airport arrival and first hotel check-in,Portuguese for airport arrival and first hotel check-in,/blog/brazilian-portuguese/portuguese-for-airport-arrival-and-first-hotel-check-in,PLE (inglês),"REVIEW: planilha cita /en/brazilian-portuguese-course-online, não confirmado por HTTP nesta sessão",en-US,2026-06-23,2026-06-23,NO,index (não verificado individualmente por robots/sitemap nesta sessão),
/blog/brazilian-portuguese/portuguese-for-brazil-a-realistic-study-path-from-a1-to-b1,/blog/brazilian-portuguese/portuguese-for-brazil-a-realistic-study-path-from-a1-to-b1,LIVE (ver nota de verificação em 24-blog-source-of-truth.md),KEEP EXACT,301,/blog/brazilian-portuguese/portuguese-for-brazil-a-realistic-study-path-from-a1-to-b1,Portuguese for Brazil: a realistic study path from A1 to B1,Portuguese for Brazil: a realistic study path from A1 to B1,/blog/brazilian-portuguese/portuguese-for-brazil-a-realistic-study-path-from-a1-to-b1,"PLE (multilíngue -- frente congelada, ver Diagnóstico)","REVIEW: planilha cita /en/brazilian-portuguese-course-online, não confirmado por HTTP nesta sessão",en-US,2026-07-01,2026-07-01,NO,index (não verificado individualmente por robots/sitemap nesta sessão),
/blog/portugues-brasileno/portugues-brasileno-para-llegar-a-brasil-preparado,/blog/portugues-brasileno/portugues-brasileno-para-llegar-a-brasil-preparado,LIVE (ver nota de verificação em 24-blog-source-of-truth.md),KEEP EXACT,301,/blog/portugues-brasileno/portugues-brasileno-para-llegar-a-brasil-preparado,Portugués brasileño para llegar a Brasil preparado,Portugués brasileño para llegar a Brasil preparado,/blog/portugues-brasileno/portugues-brasileno-para-llegar-a-brasil-preparado,"PLE (multilíngue -- frente congelada, ver Diagnóstico)","REVIEW: planilha cita /en/brazilian-portuguese-course-online, não confirmado por HTTP nesta sessão",es-ES,2026-06-10,2026-06-10,NO,index (não verificado individualmente por robots/sitemap nesta sessão),
/blog/brasilianisches-portugiesisch-fur-auswanderer-die-wichtigsten-grundlagen,/blog/brasilianisches-portugiesisch-fur-auswanderer-die-wichtigsten-grundlagen,LIVE (ver nota de verificação em 24-blog-source-of-truth.md),REVIEW,,,Brasilianisches Portugiesisch für Auswanderer: die wichtigsten Grundlagen,Brasilianisches Portugiesisch für Auswanderer: die wichtigsten Grundlagen,/blog/brasilianisches-portugiesisch-fur-auswanderer-die-wichtigsten-grundlagen,"PLE (multilíngue -- frente congelada, ver Diagnóstico)","REVIEW: planilha cita /en/brazilian-portuguese-course-online, não confirmado por HTTP nesta sessão",de-DE,2025-01-15,2025-01-15,NO,index (não verificado individualmente por robots/sitemap nesta sessão),"DUPLICATE_CANDIDATE: mesmo topico de [brasilianisches-portugiesisch-fur-fuhrungskrafte-und-manager, brasilianisches-portugiesisch-fur-beruf-und-alltag-in-brasilien] -- decisao humana necessaria (KEEP/MERGE+301/CANONICAL REVIEW)"
/blog/brasilianisches-portugiesisch-fur-fuhrungskrafte-und-manager,/blog/brasilianisches-portugiesisch-fur-fuhrungskrafte-und-manager,LIVE (ver nota de verificação em 24-blog-source-of-truth.md),REVIEW,,,Brasilianisches Portugiesisch für Führungskräfte und Manager,Brasilianisches Portugiesisch für Führungskräfte und Manager,/blog/brasilianisches-portugiesisch-fur-fuhrungskrafte-und-manager,"PLE (multilíngue -- frente congelada, ver Diagnóstico)","REVIEW: planilha cita /en/brazilian-portuguese-course-online, não confirmado por HTTP nesta sessão",de-DE,2026-06-03,2026-06-03,NO,index (não verificado individualmente por robots/sitemap nesta sessão),"DUPLICATE_CANDIDATE: mesmo topico de [brasilianisches-portugiesisch-fur-auswanderer-die-wichtigsten-grundlagen, brasilianisches-portugiesisch-fur-beruf-und-alltag-in-brasilien] -- decisao humana necessaria (KEEP/MERGE+301/CANONICAL REVIEW)"
/blog/portugais-bresilien-pour-expatries-les-bases-avant-de-vivre-au-bresil,/blog/portugais-bresilien-pour-expatries-les-bases-avant-de-vivre-au-bresil,LIVE (ver nota de verificação em 24-blog-source-of-truth.md),KEEP EXACT,,,Portugais brésilien pour expatriés : les bases avant de vivre au Brésil,Portugais brésilien pour expatriés : les bases avant de vivre au Brésil,/blog/portugais-bresilien-pour-expatries-les-bases-avant-de-vivre-au-bresil,"PLE (multilíngue -- frente congelada, ver Diagnóstico)","REVIEW: planilha cita /en/brazilian-portuguese-course-online, não confirmado por HTTP nesta sessão",fr-FR,2025-01-08,2025-01-08,NO,index (não verificado individualmente por robots/sitemap nesta sessão),
/blog/portugais-du-bresil-pour-familles-qui-s-installent-au-bresil,/blog/portugais-du-bresil-pour-familles-qui-s-installent-au-bresil,LIVE (ver nota de verificação em 24-blog-source-of-truth.md),KEEP EXACT,,,Portugais du Brésil pour familles qui s'installent au Brésil.md,Portugais du Brésil pour familles qui s'installent au Brésil.md,/blog/portugais-du-bresil-pour-familles-qui-s-installent-au-bresil,Français,REVIEW: pilar não identificado,REVIEW: idioma não confirmado,2026-05-27,,NO,index (não verificado individualmente por robots/sitemap nesta sessão),"Sem correspondência direta na auditoria de 94 (Publicados_Auditoria) -- não cruzado, confiar apenas no dado do código."
/blog/ple-zh-078,/blog/ple-zh-078,LIVE (ver nota de verificação em 24-blog-source-of-truth.md),KEEP EXACT,,,90天建立巴西葡萄牙语基础的计划,90天建立巴西葡萄牙语基础的计划,/blog/ple-zh-078,中文,REVIEW: pilar não identificado,REVIEW: idioma não confirmado,2026-06-24,,NO,index (não verificado individualmente por robots/sitemap nesta sessão),"Sem correspondência direta na auditoria de 94 (Publicados_Auditoria) -- não cruzado, confiar apenas no dado do código."
/blog/ple-ru-077,/blog/ple-ru-077,LIVE (ver nota de verificação em 24-blog-source-of-truth.md),KEEP EXACT,,,Реалистичный план изучения бразильского португальского на 90 дней,Реалистичный план изучения бразильского португальского на 90 дней,/blog/ple-ru-077,Русский,REVIEW: pilar não identificado,REVIEW: idioma não confirmado,2026-06-17,,NO,index (não verificado individualmente por robots/sitemap nesta sessão),"Sem correspondência direta na auditoria de 94 (Publicados_Auditoria) -- não cruzado, confiar apenas no dado do código."
/blog/ioruba/alfabeto-ioruba-sons-marcas-e-primeiras-leituras,/blog/ioruba/alfabeto-ioruba-sons-marcas-e-primeiras-leituras,LIVE (ver nota de verificação em 24-blog-source-of-truth.md),KEEP EXACT,301,/blog/ioruba/alfabeto-ioruba-sons-marcas-e-primeiras-leituras,"Alfabeto iorubá: sons, marcas e primeiras leituras","Alfabeto iorubá: sons, marcas e primeiras leituras",/blog/ioruba/alfabeto-ioruba-sons-marcas-e-primeiras-leituras,Iorubá,/curso-de-ioruba-online,pt-BR,2025-01-24,2025-01-24,NO,index (não verificado individualmente por robots/sitemap nesta sessão),
/blog/ioruba/como-ouvir-cantigas-em-ioruba-com-mais-atencao-ao-significado,/blog/ioruba/como-ouvir-cantigas-em-ioruba-com-mais-atencao-ao-significado,LIVE (ver nota de verificação em 24-blog-source-of-truth.md),REVIEW,301,/blog/ioruba/como-ouvir-cantigas-em-ioruba-com-mais-atencao-ao-significado,Como ouvir cantigas em iorubá com mais atenção ao significado,Como ouvir cantigas em iorubá com mais atenção ao significado,/blog/ioruba/como-ouvir-cantigas-em-ioruba-com-mais-atencao-ao-significado,Iorubá,/curso-de-ioruba-online,pt-BR,2025-02-21,2025-02-21,NO,index (não verificado individualmente por robots/sitemap nesta sessão),Marcado REVISAR na auditoria (Iorubá -- revisão do professor responsável antes de manter indexado).
/blog/ioruba/o-papel-da-oralidade-no-aprendizado-do-ioruba,/blog/ioruba/o-papel-da-oralidade-no-aprendizado-do-ioruba,LIVE (ver nota de verificação em 24-blog-source-of-truth.md),KEEP EXACT,301,/blog/ioruba/o-papel-da-oralidade-no-aprendizado-do-ioruba,O papel da oralidade no aprendizado do iorubá,O papel da oralidade no aprendizado do iorubá,/blog/ioruba/o-papel-da-oralidade-no-aprendizado-do-ioruba,Iorubá,/curso-de-ioruba-online,pt-BR,2025-02-14,2025-02-14,NO,index (não verificado individualmente por robots/sitemap nesta sessão),
/blog/ingles/checklist-para-escolher-sua-primeira-turma-de-ingles-online-ao-vivo,/blog/ingles/checklist-para-escolher-sua-primeira-turma-de-ingles-online-ao-vivo,LIVE (ver nota de verificação em 24-blog-source-of-truth.md),KEEP EXACT,301,/blog/ingles/checklist-para-escolher-sua-primeira-turma-de-ingles-online-ao-vivo,Checklist para escolher sua primeira turma de inglês online ao vivo,Checklist para escolher sua primeira turma de inglês online ao vivo,/blog/ingles/checklist-para-escolher-sua-primeira-turma-de-ingles-online-ao-vivo,Inglês,/curso-de-ingles-online,pt-BR,2026-07-06,2026-07-06,NO,index (não verificado individualmente por robots/sitemap nesta sessão),
/blog/ingles/como-evitar-a-estagnacao-no-nivel-intermediario-de-ingles,/blog/ingles/como-evitar-a-estagnacao-no-nivel-intermediario-de-ingles,LIVE (ver nota de verificação em 24-blog-source-of-truth.md),KEEP EXACT,301,/blog/ingles/como-evitar-a-estagnacao-no-nivel-intermediario-de-ingles,Como evitar a estagnação no nível intermediário de inglês,Como evitar a estagnação no nível intermediário de inglês,/blog/ingles/como-evitar-a-estagnacao-no-nivel-intermediario-de-ingles,Inglês,/curso-de-ingles-online,pt-BR,2026-05-25,2026-05-25,NO,index (não verificado individualmente por robots/sitemap nesta sessão),
/blog/ingles/como-melhorar-o-listening-usando-situacoes-reais-do-trabalho,/blog/ingles/como-melhorar-o-listening-usando-situacoes-reais-do-trabalho,LIVE (ver nota de verificação em 24-blog-source-of-truth.md),KEEP EXACT,301,/blog/ingles/como-melhorar-o-listening-usando-situacoes-reais-do-trabalho,Como melhorar o listening usando situações reais do trabalho,Como melhorar o listening usando situações reais do trabalho,/blog/ingles/como-melhorar-o-listening-usando-situacoes-reais-do-trabalho,Inglês,/curso-de-ingles-online,pt-BR,2025-02-10,2025-02-10,NO,index (não verificado individualmente por robots/sitemap nesta sessão),
/blog/ingles/como-sair-do-verbo-to-be-e-comecar-a-formar-frases-uteis,/blog/ingles/como-sair-do-verbo-to-be-e-comecar-a-formar-frases-uteis,LIVE (ver nota de verificação em 24-blog-source-of-truth.md),KEEP EXACT,301,/blog/ingles/como-sair-do-verbo-to-be-e-comecar-a-formar-frases-uteis,Como sair do verbo to be e começar a formar frases úteis,Como sair do verbo to be e começar a formar frases úteis,/blog/ingles/como-sair-do-verbo-to-be-e-comecar-a-formar-frases-uteis,Inglês,/curso-de-ingles-online,pt-BR,2025-03-03,2025-03-03,NO,index (não verificado individualmente por robots/sitemap nesta sessão),
/blog/ingles/ingles-para-entrevista-de-emprego-perguntas-e-respostas-que-voce-precisa-treinar,/blog/ingles/ingles-para-entrevista-de-emprego-perguntas-e-respostas-que-voce-precisa-treinar,LIVE (ver nota de verificação em 24-blog-source-of-truth.md),KEEP EXACT,301,/blog/ingles/ingles-para-entrevista-de-emprego-perguntas-e-respostas-que-voce-precisa-treinar,Inglês para entrevista de emprego: perguntas e respostas que você precisa ,Inglês para entrevista de emprego: perguntas e respostas que você precisa ,/blog/ingles/ingles-para-entrevista-de-emprego-perguntas-e-respostas-que-voce-precisa-treinar,Inglês,REVIEW: pilar não identificado,REVIEW: idioma não confirmado,2025-02-03,,NO,index (não verificado individualmente por robots/sitemap nesta sessão),"Sem correspondência direta na auditoria de 94 (Publicados_Auditoria) -- não cruzado, confiar apenas no dado do código."
/blog/ingles/ingles-para-reunioes-frases-para-participar-sem-travar,/blog/ingles/ingles-para-reunioes-frases-para-participar-sem-travar,LIVE (ver nota de verificação em 24-blog-source-of-truth.md),KEEP EXACT,301,/blog/ingles/ingles-para-reunioes-frases-para-participar-sem-travar,Inglês para reuniões: frases para participar sem travar,Inglês para reuniões: frases para participar sem travar,/blog/ingles/ingles-para-reunioes-frases-para-participar-sem-travar,Inglês,/curso-de-ingles-online,pt-BR,2025-02-17,2025-02-17,NO,index (não verificado individualmente por robots/sitemap nesta sessão),
/blog/ingles/os-erros-que-travam-brasileiros-no-ingles-basico,/blog/ingles/os-erros-que-travam-brasileiros-no-ingles-basico,LIVE (ver nota de verificação em 24-blog-source-of-truth.md),KEEP EXACT,301,/blog/ingles/os-erros-que-travam-brasileiros-no-ingles-basico,Os erros que travam brasileiros no inglês básico,Os erros que travam brasileiros no inglês básico,/blog/ingles/os-erros-que-travam-brasileiros-no-ingles-basico,Inglês,/curso-de-ingles-online,pt-BR,2025-01-27,2025-01-27,NO,index (não verificado individualmente por robots/sitemap nesta sessão),
/blog/ingles/como-criar-uma-rotina-de-estudo-de-ingles-com-pouco-tempo-por-semana,/blog/ingles/como-criar-uma-rotina-de-estudo-de-ingles-com-pouco-tempo-por-semana,LIVE (ver nota de verificação em 24-blog-source-of-truth.md),KEEP EXACT,301,/blog/ingles/como-criar-uma-rotina-de-estudo-de-ingles-com-pouco-tempo-por-semana,Como criar uma rotina de estudo de inglês com pouco tempo por semana,Como criar uma rotina de estudo de inglês com pouco tempo por semana,/blog/ingles/como-criar-uma-rotina-de-estudo-de-ingles-com-pouco-tempo-por-semana,Inglês,/curso-de-ingles-online,pt-BR,2025-01-20,2025-01-20,NO,index (não verificado individualmente por robots/sitemap nesta sessão),
/blog/espanhol/por-que-brasileiro-entende-espanhol-mas-trava-para-falar,/blog/espanhol/por-que-brasileiro-entende-espanhol-mas-trava-para-falar,LIVE (ver nota de verificação em 24-blog-source-of-truth.md),KEEP EXACT,301,/blog/espanhol/por-que-brasileiro-entende-espanhol-mas-trava-para-falar,"Por que brasileiro entende espanhol, mas trava para falar","Por que brasileiro entende espanhol, mas trava para falar",/blog/espanhol/por-que-brasileiro-entende-espanhol-mas-trava-para-falar,Espanhol,/curso-de-espanhol-online,pt-BR,2025-02-24,2025-02-24,NO,index (não verificado individualmente por robots/sitemap nesta sessão),
/blog/brazilian-portuguese/brazilian-portuguese-for-doctors-clinics-and-emergencies,/blog/brazilian-portuguese/brazilian-portuguese-for-doctors-clinics-and-emergencies,LIVE (ver nota de verificação em 24-blog-source-of-truth.md),KEEP EXACT,301,/blog/brazilian-portuguese/brazilian-portuguese-for-doctors-clinics-and-emergencies,"Brazilian Portuguese for doctors, clinics and emergencies","Brazilian Portuguese for doctors, clinics and emergencies",/blog/brazilian-portuguese/brazilian-portuguese-for-doctors-clinics-and-emergencies,PLE (inglês),"REVIEW: planilha cita /en/brazilian-portuguese-course-online, não confirmado por HTTP nesta sessão",en-US,2025-02-18,2025-02-18,NO,index (não verificado individualmente por robots/sitemap nesta sessão),
/blog/brazilian-portuguese/brazilian-portuguese-for-supermarket-pharmacy-and-daily-errands,/blog/brazilian-portuguese/brazilian-portuguese-for-supermarket-pharmacy-and-daily-errands,LIVE (ver nota de verificação em 24-blog-source-of-truth.md),KEEP EXACT,301,/blog/brazilian-portuguese/brazilian-portuguese-for-supermarket-pharmacy-and-daily-errands,"Brazilian Portuguese for supermarket, pharmacy and daily errands","Brazilian Portuguese for supermarket, pharmacy and daily errands",/blog/brazilian-portuguese/brazilian-portuguese-for-supermarket-pharmacy-and-daily-errands,PLE (inglês),"REVIEW: planilha cita /en/brazilian-portuguese-course-online, não confirmado por HTTP nesta sessão",en-US,2025-01-28,2025-01-28,NO,index (não verificado individualmente por robots/sitemap nesta sessão),
/blog/brazilian-portuguese/how-to-learn-portuguese-for-brazil-when-you-already-speak-another-romance-language,/blog/brazilian-portuguese/how-to-learn-portuguese-for-brazil-when-you-already-speak-another-romance-language,LIVE (ver nota de verificação em 24-blog-source-of-truth.md),REVIEW,301,/blog/brazilian-portuguese/how-to-learn-portuguese-for-brazil-when-you-already-speak-another-romance-language,How to learn Portuguese for Brazil when you already speak another Romance ,How to learn Portuguese for Brazil when you already speak another Romance ,/blog/brazilian-portuguese/how-to-learn-portuguese-for-brazil-when-you-already-speak-another-romance-language,Brazilian Portuguese,REVIEW: pilar não identificado,REVIEW: idioma não confirmado,2026-05-20,,NO,index (não verificado individualmente por robots/sitemap nesta sessão),"DUPLICATE_CANDIDATE: mesmo topico de [learn-portuguese-for-brazil-through-cultural-situations-not-isolated-grammar] -- decisao humana necessaria (KEEP/MERGE+301/CANONICAL REVIEW) | Sem correspondência direta na auditoria de 94 (Publicados_Auditoria) -- não cruzado, confiar apenas no dado do código."
/blog/brazilian-portuguese/how-to-understand-brazilian-addresses-neighborhoods-and-directions,/blog/brazilian-portuguese/how-to-understand-brazilian-addresses-neighborhoods-and-directions,LIVE (ver nota de verificação em 24-blog-source-of-truth.md),KEEP EXACT,301,/blog/brazilian-portuguese/how-to-understand-brazilian-addresses-neighborhoods-and-directions,"How to understand Brazilian addresses, neighborhoods and directions","How to understand Brazilian addresses, neighborhoods and directions",/blog/brazilian-portuguese/how-to-understand-brazilian-addresses-neighborhoods-and-directions,PLE (inglês),"REVIEW: planilha cita /en/brazilian-portuguese-course-online, não confirmado por HTTP nesta sessão",en-US,2025-02-25,2025-02-25,NO,index (não verificado individualmente por robots/sitemap nesta sessão),
/blog/brazilian-portuguese/learn-portuguese-for-brazil-through-cultural-situations-not-isolated-grammar,/blog/brazilian-portuguese/learn-portuguese-for-brazil-through-cultural-situations-not-isolated-grammar,LIVE (ver nota de verificação em 24-blog-source-of-truth.md),REVIEW,301,/blog/brazilian-portuguese/learn-portuguese-for-brazil-through-cultural-situations-not-isolated-grammar,"Learn Portuguese for Brazil through cultural situations, not isolated ","Learn Portuguese for Brazil through cultural situations, not isolated ",/blog/brazilian-portuguese/learn-portuguese-for-brazil-through-cultural-situations-not-isolated-grammar,Brazilian Portuguese,REVIEW: pilar não identificado,REVIEW: idioma não confirmado,2025-02-12,,NO,index (não verificado individualmente por robots/sitemap nesta sessão),"DUPLICATE_CANDIDATE: mesmo topico de [how-to-learn-portuguese-for-brazil-when-you-already-speak-another-romance-language] -- decisao humana necessaria (KEEP/MERGE+301/CANONICAL REVIEW) | Sem correspondência direta na auditoria de 94 (Publicados_Auditoria) -- não cruzado, confiar apenas no dado do código."
/blog/brazilian-portuguese/portuguese-for-opening-a-bank-account-in-brazil,/blog/brazilian-portuguese/portuguese-for-opening-a-bank-account-in-brazil,LIVE (ver nota de verificação em 24-blog-source-of-truth.md),KEEP EXACT,301,/blog/brazilian-portuguese/portuguese-for-opening-a-bank-account-in-brazil,Portuguese for opening a bank account in Brazil,Portuguese for opening a bank account in Brazil,/blog/brazilian-portuguese/portuguese-for-opening-a-bank-account-in-brazil,PLE (inglês),"REVIEW: planilha cita /en/brazilian-portuguese-course-online, não confirmado por HTTP nesta sessão",en-US,2025-02-11,2025-02-11,NO,index (não verificado individualmente por robots/sitemap nesta sessão),
/blog/brazilian-portuguese/portuguese-for-renting-an-apartment-in-brazil,/blog/brazilian-portuguese/portuguese-for-renting-an-apartment-in-brazil,LIVE (ver nota de verificação em 24-blog-source-of-truth.md),KEEP EXACT,301,/blog/brazilian-portuguese/portuguese-for-renting-an-apartment-in-brazil,Portuguese for renting an apartment in Brazil,Portuguese for renting an apartment in Brazil,/blog/brazilian-portuguese/portuguese-for-renting-an-apartment-in-brazil,PLE (inglês),"REVIEW: planilha cita /en/brazilian-portuguese-course-online, não confirmado por HTTP nesta sessão",en-US,2025-01-21,2025-01-21,NO,index (não verificado individualmente por robots/sitemap nesta sessão),
/blog/brazilian-portuguese/what-to-expect-from-a-structured-portuguese-course-for-foreigners,/blog/brazilian-portuguese/what-to-expect-from-a-structured-portuguese-course-for-foreigners,LIVE (ver nota de verificação em 24-blog-source-of-truth.md),KEEP EXACT,301,/blog/brazilian-portuguese/what-to-expect-from-a-structured-portuguese-course-for-foreigners,What to expect from a structured Portuguese course for foreigners,What to expect from a structured Portuguese course for foreigners,/blog/brazilian-portuguese/what-to-expect-from-a-structured-portuguese-course-for-foreigners,PLE (inglês),"REVIEW: planilha cita /en/brazilian-portuguese-course-online, não confirmado por HTTP nesta sessão",en-US,2026-07-07,2026-07-07,NO,index (não verificado individualmente por robots/sitemap nesta sessão),
/blog/portugues-brasileno/portugues-brasileno-para-hispanohablantes-errores-que-parecen-pequenos,/blog/portugues-brasileno/portugues-brasileno-para-hispanohablantes-errores-que-parecen-pequenos,LIVE (ver nota de verificação em 24-blog-source-of-truth.md),KEEP EXACT,301,/blog/portugues-brasileno/portugues-brasileno-para-hispanohablantes-errores-que-parecen-pequenos,Portugués brasileño para hispanohablantes: errores que parecen pequeños,Portugués brasileño para hispanohablantes: errores que parecen pequeños,/blog/portugues-brasileno/portugues-brasileno-para-hispanohablantes-errores-que-parecen-pequenos,"PLE (multilíngue -- frente congelada, ver Diagnóstico)","REVIEW: planilha cita /en/brazilian-portuguese-course-online, não confirmado por HTTP nesta sessão",es-ES,2025-01-22,2025-01-22,NO,index (não verificado individualmente por robots/sitemap nesta sessão),
/blog/apprendre-le-portugais-du-bresil-avec-des-cours-en-direct,/blog/apprendre-le-portugais-du-bresil-avec-des-cours-en-direct,LIVE (ver nota de verificação em 24-blog-source-of-truth.md),KEEP EXACT,,,Apprendre le portugais du Brésil avec des cours en direct,Apprendre le portugais du Brésil avec des cours en direct,/blog/apprendre-le-portugais-du-bresil-avec-des-cours-en-direct,"PLE (multilíngue -- frente congelada, ver Diagnóstico)","REVIEW: planilha cita /en/brazilian-portuguese-course-online, não confirmado por HTTP nesta sessão",fr-FR,2025-02-19,2025-02-19,NO,index (não verificado individualmente por robots/sitemap nesta sessão),
/blog/comment-choisir-un-cours-de-portugais-bresilien-pour-etrangers,/blog/comment-choisir-un-cours-de-portugais-bresilien-pour-etrangers,LIVE (ver nota de verificação em 24-blog-source-of-truth.md),KEEP EXACT,,,Comment choisir un cours de portugais brésilien pour étrangers,Comment choisir un cours de portugais brésilien pour étrangers,/blog/comment-choisir-un-cours-de-portugais-bresilien-pour-etrangers,"PLE (multilíngue -- frente congelada, ver Diagnóstico)","REVIEW: planilha cita /en/brazilian-portuguese-course-online, não confirmado por HTTP nesta sessão",fr-FR,2026-07-08,2026-07-08,NO,index (não verificado individualmente por robots/sitemap nesta sessão),
/blog/portugiesisch-fur-brasilien-mit-live-unterricht-lernen,/blog/portugiesisch-fur-brasilien-mit-live-unterricht-lernen,LIVE (ver nota de verificação em 24-blog-source-of-truth.md),KEEP EXACT,,,Portugiesisch für Brasilien mit Live-Unterricht lernen,Portugiesisch für Brasilien mit Live-Unterricht lernen,/blog/portugiesisch-fur-brasilien-mit-live-unterricht-lernen,"PLE (multilíngue -- frente congelada, ver Diagnóstico)","REVIEW: planilha cita /en/brazilian-portuguese-course-online, não confirmado por HTTP nesta sessão",de-DE,2025-02-26,2025-02-26,NO,index (não verificado individualmente por robots/sitemap nesta sessão),
/blog/portugues-brasileno/aprender-portugues-de-brasil-con-clases-en-vivo-y-practica-real,/blog/portugues-brasileno/aprender-portugues-de-brasil-con-clases-en-vivo-y-practica-real,LIVE (ver nota de verificação em 24-blog-source-of-truth.md),KEEP EXACT,301,/blog/portugues-brasileno/aprender-portugues-de-brasil-con-clases-en-vivo-y-practica-real,Aprender portugués de Brasil con clases en vivo y práctica real,Aprender portugués de Brasil con clases en vivo y práctica real,/blog/portugues-brasileno/aprender-portugues-de-brasil-con-clases-en-vivo-y-practica-real,"PLE (multilíngue -- frente congelada, ver Diagnóstico)","REVIEW: planilha cita /en/brazilian-portuguese-course-online, não confirmado por HTTP nesta sessão",es-ES,2025-03-05,2025-03-05,NO,index (não verificado individualmente por robots/sitemap nesta sessão),
/blog/ingles/aula-de-ingles-online-ao-vivo-como-funciona-e-para-quem-vale-a-pena,/blog/ingles/aula-de-ingles-online-ao-vivo-como-funciona-e-para-quem-vale-a-pena,LIVE (ver nota de verificação em 24-blog-source-of-truth.md),KEEP EXACT,301,/blog/ingles/aula-de-ingles-online-ao-vivo-como-funciona-e-para-quem-vale-a-pena,Aula de inglês online ao vivo: como funciona e para quem vale a pena,Aula de inglês online ao vivo: como funciona e para quem vale a pena,/blog/ingles/aula-de-ingles-online-ao-vivo-como-funciona-e-para-quem-vale-a-pena,Inglês,/curso-de-ingles-online,pt-BR,2026-07-13,2026-07-13,NO,index (não verificado individualmente por robots/sitemap nesta sessão),
/blog/brasilianisches-portugiesisch-fur-beruf-und-alltag-in-brasilien,/blog/brasilianisches-portugiesisch-fur-beruf-und-alltag-in-brasilien,LIVE (ver nota de verificação em 24-blog-source-of-truth.md),REVIEW,,,Brasilianisches Portugiesisch für Beruf und Alltag in Brasilien,Brasilianisches Portugiesisch für Beruf und Alltag in Brasilien,/blog/brasilianisches-portugiesisch-fur-beruf-und-alltag-in-brasilien,"PLE (multilíngue -- frente congelada, ver Diagnóstico)","REVIEW: planilha cita /en/brazilian-portuguese-course-online, não confirmado por HTTP nesta sessão",de-DE,2025-04-09,2025-04-09,NO,index (não verificado individualmente por robots/sitemap nesta sessão),"DUPLICATE_CANDIDATE: mesmo topico de [brasilianisches-portugiesisch-fur-auswanderer-die-wichtigsten-grundlagen, brasilianisches-portugiesisch-fur-fuhrungskrafte-und-manager] -- decisao humana necessaria (KEEP/MERGE+301/CANONICAL REVIEW)"
/blog/brazilian-portuguese/brazilian-portuguese-for-international-students-choosing-a-city-in-brazil,/blog/brazilian-portuguese/brazilian-portuguese-for-international-students-choosing-a-city-in-brazil,LIVE (ver nota de verificação em 24-blog-source-of-truth.md),KEEP EXACT,301,/blog/brazilian-portuguese/brazilian-portuguese-for-international-students-choosing-a-city-in-brazil,Brazilian Portuguese for international students choosing a city in Brazil,Brazilian Portuguese for international students choosing a city in Brazil,/blog/brazilian-portuguese/brazilian-portuguese-for-international-students-choosing-a-city-in-brazil,"PLE (multilíngue -- frente congelada, ver Diagnóstico)","REVIEW: planilha cita /en/brazilian-portuguese-course-online, não confirmado por HTTP nesta sessão",en-US,2025-03-26,2025-03-26,NO,index (não verificado individualmente por robots/sitemap nesta sessão),
/blog/brazilian-portuguese/brazilian-portuguese-pronunciation-sounds-that-confuse-english-speakers,/blog/brazilian-portuguese/brazilian-portuguese-pronunciation-sounds-that-confuse-english-speakers,LIVE (ver nota de verificação em 24-blog-source-of-truth.md),KEEP EXACT,301,/blog/brazilian-portuguese/brazilian-portuguese-pronunciation-sounds-that-confuse-english-speakers,Brazilian Portuguese pronunciation: sounds that confuse English speakers,Brazilian Portuguese pronunciation: sounds that confuse English speakers,/blog/brazilian-portuguese/brazilian-portuguese-pronunciation-sounds-that-confuse-english-speakers,PLE (inglês),"REVIEW: planilha cita /en/brazilian-portuguese-course-online, não confirmado por HTTP nesta sessão",en-US,2025-03-18,2025-03-18,NO,index (não verificado individualmente por robots/sitemap nesta sessão),
/blog/ingles/como-estudar-phrasal-verbs-sem-decorar-listas-infinitas,/blog/ingles/como-estudar-phrasal-verbs-sem-decorar-listas-infinitas,LIVE (ver nota de verificação em 24-blog-source-of-truth.md),KEEP EXACT,301,/blog/ingles/como-estudar-phrasal-verbs-sem-decorar-listas-infinitas,Como estudar phrasal verbs sem decorar listas infinitas,Como estudar phrasal verbs sem decorar listas infinitas,/blog/ingles/como-estudar-phrasal-verbs-sem-decorar-listas-infinitas,Inglês,/curso-de-ingles-online,pt-BR,2025-04-07,2025-04-07,NO,index (não verificado individualmente por robots/sitemap nesta sessão),
/blog/hebraico/como-funciona-a-alfabetizacao-em-hebraico-do-zero,/blog/hebraico/como-funciona-a-alfabetizacao-em-hebraico-do-zero,LIVE (ver nota de verificação em 24-blog-source-of-truth.md),KEEP EXACT,301,/blog/hebraico/como-funciona-a-alfabetizacao-em-hebraico-do-zero,Como funciona a alfabetização em hebraico do zero,Como funciona a alfabetização em hebraico do zero,/blog/hebraico/como-funciona-a-alfabetizacao-em-hebraico-do-zero,Hebraico,/curso-de-hebraico-online,pt-BR,2025-04-23,2025-04-23,NO,index (não verificado individualmente por robots/sitemap nesta sessão),
/blog/ioruba/como-perguntar-nome-origem-e-bem-estar-em-ioruba,/blog/ioruba/como-perguntar-nome-origem-e-bem-estar-em-ioruba,LIVE (ver nota de verificação em 24-blog-source-of-truth.md),KEEP EXACT,301,/blog/ioruba/como-perguntar-nome-origem-e-bem-estar-em-ioruba,"Como perguntar nome, origem e bem-estar em iorubá","Como perguntar nome, origem e bem-estar em iorubá",/blog/ioruba/como-perguntar-nome-origem-e-bem-estar-em-ioruba,Iorubá,/curso-de-ioruba-online,pt-BR,2025-04-11,2025-04-11,NO,index (não verificado individualmente por robots/sitemap nesta sessão),
/blog/ingles/como-usar-shadowing-sem-copiar-sotaque-de-forma-artificial,/blog/ingles/como-usar-shadowing-sem-copiar-sotaque-de-forma-artificial,LIVE (ver nota de verificação em 24-blog-source-of-truth.md),KEEP EXACT,301,/blog/ingles/como-usar-shadowing-sem-copiar-sotaque-de-forma-artificial,Como usar shadowing sem copiar sotaque de forma artificial,Como usar shadowing sem copiar sotaque de forma artificial,/blog/ingles/como-usar-shadowing-sem-copiar-sotaque-de-forma-artificial,Inglês,/curso-de-ingles-online,pt-BR,2025-03-24,2025-03-24,NO,index (não verificado individualmente por robots/sitemap nesta sessão),
/blog/ingles/curso-de-ingles-com-professor-ao-vivo-o-que-muda-na-evolucao-da-fala,/blog/ingles/curso-de-ingles-com-professor-ao-vivo-o-que-muda-na-evolucao-da-fala,LIVE (ver nota de verificação em 24-blog-source-of-truth.md),KEEP EXACT,301,/blog/ingles/curso-de-ingles-com-professor-ao-vivo-o-que-muda-na-evolucao-da-fala,Curso de inglês com professor ao vivo: o que muda na evolução da fala,Curso de inglês com professor ao vivo: o que muda na evolução da fala,/blog/ingles/curso-de-ingles-com-professor-ao-vivo-o-que-muda-na-evolucao-da-fala,Inglês,REVIEW: pilar não identificado,REVIEW: idioma não confirmado,2026-07-15,,NO,index (não verificado individualmente por robots/sitemap nesta sessão),"Sem correspondência direta na auditoria de 94 (Publicados_Auditoria) -- não cruzado, confiar apenas no dado do código."
/blog/ioruba/dias-da-semana-e-expressoes-de-tempo-em-ioruba,/blog/ioruba/dias-da-semana-e-expressoes-de-tempo-em-ioruba,LIVE (ver nota de verificação em 24-blog-source-of-truth.md),KEEP EXACT,301,/blog/ioruba/dias-da-semana-e-expressoes-de-tempo-em-ioruba,Dias da semana e expressões de tempo em iorubá,Dias da semana e expressões de tempo em iorubá,/blog/ioruba/dias-da-semana-e-expressoes-de-tempo-em-ioruba,Iorubá,/curso-de-ioruba-online,pt-BR,2025-04-04,2025-04-04,NO,index (não verificado individualmente por robots/sitemap nesta sessão),
/blog/ioruba/erros-comuns-de-pronuncia-que-alteram-palavras-em-ioruba,/blog/ioruba/erros-comuns-de-pronuncia-que-alteram-palavras-em-ioruba,LIVE (ver nota de verificação em 24-blog-source-of-truth.md),KEEP EXACT,301,/blog/ioruba/erros-comuns-de-pronuncia-que-alteram-palavras-em-ioruba,Erros comuns de pronúncia que alteram palavras em iorubá,Erros comuns de pronúncia que alteram palavras em iorubá,/blog/ioruba/erros-comuns-de-pronuncia-que-alteram-palavras-em-ioruba,Iorubá,/curso-de-ioruba-online,pt-BR,2025-03-07,2025-03-07,NO,index (não verificado individualmente por robots/sitemap nesta sessão),
/blog/espanhol/falsos-cognatos-em-espanhol-que-mais-confundem-brasileiros,/blog/espanhol/falsos-cognatos-em-espanhol-que-mais-confundem-brasileiros,LIVE (ver nota de verificação em 24-blog-source-of-truth.md),KEEP EXACT,301,/blog/espanhol/falsos-cognatos-em-espanhol-que-mais-confundem-brasileiros,Falsos cognatos em espanhol que mais confundem brasileiros,Falsos cognatos em espanhol que mais confundem brasileiros,/blog/espanhol/falsos-cognatos-em-espanhol-que-mais-confundem-brasileiros,Espanhol,/curso-de-espanhol-online,pt-BR,2025-04-02,2025-04-02,NO,index (não verificado individualmente por robots/sitemap nesta sessão),
/blog/hebraico/hebraico-moderno-x-hebraico-biblico-entenda-a-diferenca,/blog/hebraico/hebraico-moderno-x-hebraico-biblico-entenda-a-diferenca,LIVE (ver nota de verificação em 24-blog-source-of-truth.md),KEEP EXACT,301,/blog/hebraico/hebraico-moderno-x-hebraico-biblico-entenda-a-diferenca,Hebraico moderno x hebraico bíblico: entenda a diferença,Hebraico moderno x hebraico bíblico: entenda a diferença,/blog/hebraico/hebraico-moderno-x-hebraico-biblico-entenda-a-diferenca,Hebraico,/curso-de-hebraico-online,pt-BR,2025-03-14,2025-03-14,NO,index (não verificado individualmente por robots/sitemap nesta sessão),
/blog/brazilian-portuguese/how-to-handle-small-talk-with-brazilians-in-portuguese,/blog/brazilian-portuguese/how-to-handle-small-talk-with-brazilians-in-portuguese,LIVE (ver nota de verificação em 24-blog-source-of-truth.md),KEEP EXACT,301,/blog/brazilian-portuguese/how-to-handle-small-talk-with-brazilians-in-portuguese,How to handle small talk with Brazilians in Portuguese,How to handle small talk with Brazilians in Portuguese,/blog/brazilian-portuguese/how-to-handle-small-talk-with-brazilians-in-portuguese,PLE (inglês),"REVIEW: planilha cita /en/brazilian-portuguese-course-online, não confirmado por HTTP nesta sessão",en-US,2025-04-08,2025-04-08,NO,index (não verificado individualmente por robots/sitemap nesta sessão),
/blog/brazilian-portuguese/how-to-introduce-yourself-professionally-in-brazilian-portuguese,/blog/brazilian-portuguese/how-to-introduce-yourself-professionally-in-brazilian-portuguese,LIVE (ver nota de verificação em 24-blog-source-of-truth.md),KEEP EXACT,301,/blog/brazilian-portuguese/how-to-introduce-yourself-professionally-in-brazilian-portuguese,How to introduce yourself professionally in Brazilian Portuguese,How to introduce yourself professionally in Brazilian Portuguese,/blog/brazilian-portuguese/how-to-introduce-yourself-professionally-in-brazilian-portuguese,PLE (inglês),"REVIEW: planilha cita /en/brazilian-portuguese-course-online, não confirmado por HTTP nesta sessão",en-US,2025-03-11,2025-03-11,NO,index (não verificado individualmente por robots/sitemap nesta sessão),
/blog/brazilian-portuguese/how-to-learn-brazilian-portuguese-without-relying-only-on-apps,/blog/brazilian-portuguese/how-to-learn-brazilian-portuguese-without-relying-only-on-apps,LIVE (ver nota de verificação em 24-blog-source-of-truth.md),KEEP EXACT,301,/blog/brazilian-portuguese/how-to-learn-brazilian-portuguese-without-relying-only-on-apps,How to learn Brazilian Portuguese without relying only on apps,How to learn Brazilian Portuguese without relying only on apps,/blog/brazilian-portuguese/how-to-learn-brazilian-portuguese-without-relying-only-on-apps,PLE (inglês),"REVIEW: planilha cita /en/brazilian-portuguese-course-online, não confirmado por HTTP nesta sessão",en-US,2025-04-22,2025-04-22,NO,index (não verificado individualmente por robots/sitemap nesta sessão),
/blog/brazilian-portuguese/how-to-order-food-in-brazil-with-confidence,/blog/brazilian-portuguese/how-to-order-food-in-brazil-with-confidence,LIVE (ver nota de verificação em 24-blog-source-of-truth.md),KEEP EXACT,301,/blog/brazilian-portuguese/how-to-order-food-in-brazil-with-confidence,How to order food in Brazil with confidence,How to order food in Brazil with confidence,/blog/brazilian-portuguese/how-to-order-food-in-brazil-with-confidence,PLE (inglês),"REVIEW: planilha cita /en/brazilian-portuguese-course-online, não confirmado por HTTP nesta sessão",en-US,2025-03-25,2025-03-25,NO,index (não verificado individualmente por robots/sitemap nesta sessão),
/blog/ingles/ingles-para-apresentacao-profissional-em-dois-minutos,/blog/ingles/ingles-para-apresentacao-profissional-em-dois-minutos,LIVE (ver nota de verificação em 24-blog-source-of-truth.md),KEEP EXACT,301,/blog/ingles/ingles-para-apresentacao-profissional-em-dois-minutos,Inglês para apresentação profissional em dois minutos,Inglês para apresentação profissional em dois minutos,/blog/ingles/ingles-para-apresentacao-profissional-em-dois-minutos,Inglês,/curso-de-ingles-online,pt-BR,2025-04-21,2025-04-21,NO,index (não verificado individualmente por robots/sitemap nesta sessão),
/blog/ingles/ingles-para-atendimento-ao-cliente-expressoes-educadas-e-naturais,/blog/ingles/ingles-para-atendimento-ao-cliente-expressoes-educadas-e-naturais,LIVE (ver nota de verificação em 24-blog-source-of-truth.md),KEEP EXACT,301,/blog/ingles/ingles-para-atendimento-ao-cliente-expressoes-educadas-e-naturais,Inglês para atendimento ao cliente: expressões educadas e naturais,Inglês para atendimento ao cliente: expressões educadas e naturais,/blog/ingles/ingles-para-atendimento-ao-cliente-expressoes-educadas-e-naturais,Inglês,/curso-de-ingles-online,pt-BR,2025-03-31,2025-03-31,NO,index (não verificado individualmente por robots/sitemap nesta sessão),
/blog/ingles/ingles-para-viagem-vocabulario-essencial-para-aeroporto-e-hotel,/blog/ingles/ingles-para-viagem-vocabulario-essencial-para-aeroporto-e-hotel,LIVE (ver nota de verificação em 24-blog-source-of-truth.md),KEEP EXACT,301,/blog/ingles/ingles-para-viagem-vocabulario-essencial-para-aeroporto-e-hotel,Inglês para viagem: vocabulário essencial para aeroporto e hotel,Inglês para viagem: vocabulário essencial para aeroporto e hotel,/blog/ingles/ingles-para-viagem-vocabulario-essencial-para-aeroporto-e-hotel,Inglês,/curso-de-ingles-online,pt-BR,2025-03-10,2025-03-10,NO,index (não verificado individualmente por robots/sitemap nesta sessão),
/blog/ple-ru-011,/blog/ple-ru-011,LIVE (ver nota de verificação em 24-blog-source-of-truth.md),KEEP EXACT,,,Как учить португальский для Бразилии на живых занятиях,Как учить португальский для Бразилии на живых занятиях,/blog/ple-ru-011,Русский,REVIEW: pilar não identificado,REVIEW: idioma não confirmado,2025-03-12,,NO,index (não verificado individualmente por robots/sitemap nesta sessão),"Sem correspondência direta na auditoria de 94 (Publicados_Auditoria) -- não cruzado, confiar apenas no dado do código."
/blog/ioruba/numeros-em-ioruba-logica-uso-e-pratica-inicial,/blog/ioruba/numeros-em-ioruba-logica-uso-e-pratica-inicial,LIVE (ver nota de verificação em 24-blog-source-of-truth.md),KEEP EXACT,301,/blog/ioruba/numeros-em-ioruba-logica-uso-e-pratica-inicial,"Números em iorubá: lógica, uso e prática inicial","Números em iorubá: lógica, uso e prática inicial",/blog/ioruba/numeros-em-ioruba-logica-uso-e-pratica-inicial,Iorubá,/curso-de-ioruba-online,pt-BR,2025-03-28,2025-03-28,NO,index (não verificado individualmente por robots/sitemap nesta sessão),
/blog/ioruba/palavras-iorubas-presentes-na-cultura-afro-brasileira,/blog/ioruba/palavras-iorubas-presentes-na-cultura-afro-brasileira,LIVE (ver nota de verificação em 24-blog-source-of-truth.md),KEEP EXACT,301,/blog/ioruba/palavras-iorubas-presentes-na-cultura-afro-brasileira,Palavras iorubás presentes na cultura afro-brasileira,Palavras iorubás presentes na cultura afro-brasileira,/blog/ioruba/palavras-iorubas-presentes-na-cultura-afro-brasileira,Iorubá,/curso-de-ioruba-online,pt-BR,2025-04-18,2025-04-18,NO,index (não verificado individualmente por robots/sitemap nesta sessão),
/blog/ingles/por-que-brasileiros-entendem-ingles-escrito-mas-travam-na-fala,/blog/ingles/por-que-brasileiros-entendem-ingles-escrito-mas-travam-na-fala,LIVE (ver nota de verificação em 24-blog-source-of-truth.md),KEEP EXACT,301,/blog/ingles/por-que-brasileiros-entendem-ingles-escrito-mas-travam-na-fala,Por que brasileiros entendem inglês escrito mas travam na fala,Por que brasileiros entendem inglês escrito mas travam na fala,/blog/ingles/por-que-brasileiros-entendem-ingles-escrito-mas-travam-na-fala,Inglês,/curso-de-ingles-online,pt-BR,2025-03-17,2025-03-17,NO,index (não verificado individualmente por robots/sitemap nesta sessão),
/blog/portugues-brasileno/portugues-brasileno-para-trabajar-y-vivir-en-brasil,/blog/portugues-brasileno/portugues-brasileno-para-trabajar-y-vivir-en-brasil,LIVE (ver nota de verificação em 24-blog-source-of-truth.md),KEEP EXACT,301,/blog/portugues-brasileno/portugues-brasileno-para-trabajar-y-vivir-en-brasil,Portugués brasileño para trabajar y vivir en Brasil,Portugués brasileño para trabajar y vivir en Brasil,/blog/portugues-brasileno/portugues-brasileno-para-trabajar-y-vivir-en-brasil,"PLE (multilíngue -- frente congelada, ver Diagnóstico)","REVIEW: planilha cita /en/brazilian-portuguese-course-online, não confirmado por HTTP nesta sessão",es-ES,2025-04-16,2025-04-16,NO,index (não verificado individualmente por robots/sitemap nesta sessão),
/blog/brazilian-portuguese/portuguese-for-remote-workers-living-in-brazil,/blog/brazilian-portuguese/portuguese-for-remote-workers-living-in-brazil,LIVE (ver nota de verificação em 24-blog-source-of-truth.md),KEEP EXACT,301,/blog/brazilian-portuguese/portuguese-for-remote-workers-living-in-brazil,Portuguese for remote workers living in Brazil,Portuguese for remote workers living in Brazil,/blog/brazilian-portuguese/portuguese-for-remote-workers-living-in-brazil,PLE (inglês),"REVIEW: planilha cita /en/brazilian-portuguese-course-online, não confirmado por HTTP nesta sessão",en-US,2025-04-15,2025-04-15,NO,index (não verificado individualmente por robots/sitemap nesta sessão),
/blog/brazilian-portuguese/portuguese-for-ride-apps-taxis-and-public-transportation-in-brazil,/blog/brazilian-portuguese/portuguese-for-ride-apps-taxis-and-public-transportation-in-brazil,LIVE (ver nota de verificação em 24-blog-source-of-truth.md),KEEP EXACT,301,/blog/brazilian-portuguese/portuguese-for-ride-apps-taxis-and-public-transportation-in-brazil,"Portuguese for ride apps, taxis and public transportation in Brazil","Portuguese for ride apps, taxis and public transportation in Brazil",/blog/brazilian-portuguese/portuguese-for-ride-apps-taxis-and-public-transportation-in-brazil,PLE (inglês),"REVIEW: planilha cita /en/brazilian-portuguese-course-online, não confirmado por HTTP nesta sessão",en-US,2025-04-01,2025-04-01,NO,index (não verificado individualmente por robots/sitemap nesta sessão),
/blog/brazilian-portuguese/portuguese-for-work-meetings-in-brazil-first-phrases-to-master,/blog/brazilian-portuguese/portuguese-for-work-meetings-in-brazil-first-phrases-to-master,LIVE (ver nota de verificação em 24-blog-source-of-truth.md),KEEP EXACT,301,/blog/brazilian-portuguese/portuguese-for-work-meetings-in-brazil-first-phrases-to-master,Portuguese for work meetings in Brazil: first phrases to master,Portuguese for work meetings in Brazil: first phrases to master,/blog/brazilian-portuguese/portuguese-for-work-meetings-in-brazil-first-phrases-to-master,PLE (inglês),"REVIEW: planilha cita /en/brazilian-portuguese-course-online, não confirmado por HTTP nesta sessão",en-US,2025-03-04,2025-03-04,NO,index (não verificado individualmente por robots/sitemap nesta sessão),
/blog/ingles/quando-usar-do-does-e-did-sem-confundir-na-conversa,/blog/ingles/quando-usar-do-does-e-did-sem-confundir-na-conversa,LIVE (ver nota de verificação em 24-blog-source-of-truth.md),KEEP EXACT,301,/blog/ingles/quando-usar-do-does-e-did-sem-confundir-na-conversa,"Quando usar do, does e did sem confundir na conversa","Quando usar do, does e did sem confundir na conversa",/blog/ingles/quando-usar-do-does-e-did-sem-confundir-na-conversa,Inglês,/curso-de-ingles-online,pt-BR,2025-04-14,2025-04-14,NO,index (não verificado individualmente por robots/sitemap nesta sessão),
/blog/ple-zh-012,/blog/ple-zh-012,LIVE (ver nota de verificação em 24-blog-source-of-truth.md),KEEP EXACT,,,通过真人直播课学习巴西葡萄牙语,通过真人直播课学习巴西葡萄牙语,/blog/ple-zh-012,中文,REVIEW: pilar não identificado,REVIEW: idioma não confirmado,2025-03-19,,NO,index (não verificado individualmente por robots/sitemap nesta sessão),"Sem correspondência direta na auditoria de 94 (Publicados_Auditoria) -- não cruzado, confiar apenas no dado do código."
/blog/ioruba/vocabulario-de-familia-em-ioruba-e-seu-valor-cultural,/blog/ioruba/vocabulario-de-familia-em-ioruba-e-seu-valor-cultural,LIVE (ver nota de verificação em 24-blog-source-of-truth.md),KEEP EXACT,301,/blog/ioruba/vocabulario-de-familia-em-ioruba-e-seu-valor-cultural,Vocabulário de família em iorubá e seu valor cultural,Vocabulário de família em iorubá e seu valor cultural,/blog/ioruba/vocabulario-de-familia-em-ioruba-e-seu-valor-cultural,Iorubá,/curso-de-ioruba-online,pt-BR,2025-03-21,2025-03-21,NO,index (não verificado individualmente por robots/sitemap nesta sessão),
